uuid,filename,original_filename,date,description,title,keywords,albums,persons,path,ismissing,hasadjustments,external_edit,favorite,hidden,shared,latitude,longitude,path_edited,isphoto,ismovie,uti,burst,live_photo,path_live_photo,iscloudasset,incloud,date_modified,portrait,screenshot,screen_recording,slow_mo,time_lapse,hdr,selfie,panorama,has_raw,uti_raw,path_raw,intrash
30FEB2F6-CEC5-44D6-B8DF-E02562FEFF55,30FEB2F6-CEC5-44D6-B8DF-E02562FEFF55.png,IMG_3907.PNG,2019-10-26T23:54:12-07:00,,,,,_UNKNOWN_,,True,False,False,False,False,False,,,,True,False,public.png,False,False,,True,True,,False,True,False,False,False,False,False,False,False,,,False
8455BAEE-03F1-4865-8390-84D54CECA399,8455BAEE-03F1-4865-8390-84D54CECA399.png,IMG_3939.PNG,2019-10-28T10:14:27-07:00,,,,,_UNKNOWN_,,True,False,False,False,False,False,,,,True,False,public.png,False,False,,True,True,,False,True,False,False,False,False,False,False,False,,,False
A2DB390A-3453-40B2-AC01-3577B3EC3A5F,A2DB390A-3453-40B2-AC01-3577B3EC3A5F.png,IMG_3940.PNG,2019-10-28T18:37:02-07:00,,,,,,,True,False,False,False,False,False,,,,True,False,public.png,False,False,,True,True,,False,True,False,False,False,False,False,False,False,,,False
E70D1D51-DDF0-44B5-8EF4-CBA9C0E50443,E70D1D51-DDF0-44B5-8EF4-CBA9C0E50443.png,IMG_3973.PNG,2019-10-29T21:03:30-07:00,,,,,,,True,False,False,False,False,False,,,,True,False,public.png,False,False,,True,True,,False,True,False,False,False,False,False,False,False,,,False
1B5312A5-5EAE-4D5E-9B7B-5D007D57CA3D,1B5312A5-5EAE-4D5E-9B7B-5D007D57CA3D.png,IMG_3999.PNG,2019-10-30T10:17:47-07:00,,,,,,,True,False,False,False,False,False,,,,True,False,public.png,False,False,,True,True,,False,True,False,False,False,False,False,False,False,,,False
2E952F3F-FB8C-4376-904E-1774F3A54C52,2E952F3F-FB8C-4376-904E-1774F3A54C52.png,IMG_4001.PNG,2019-10-30T10:21:25-07:00,,,,,,,True,False,False,False,False,False,,,,True,False,public.png,False,False,,True,True,,False,True,False,False,False,False,False,False,False,,,False
DA157706-FAA1-43AA-9388-0B5361A08351,DA157706-FAA1-43AA-9388-0B5361A08351.png,IMG_4019.PNG,2019-10-31T15:46:10-07:00,,,,,,,True,False,False,False,False,False,,,,True,False,public.png,False,False,,True,True,,False,True,False,False,False,False,False,False,False,,,False
C02E1ACC-9C86-45FB-AA33-4D428D4BC1BF,C02E1ACC-9C86-45FB-AA33-4D428D4BC1BF.png,IMG_4219.PNG,2019-11-09T00:40:18-08:00,,,,,,,True,False,False,False,False,False,,,,True,False,public.png,False,False,,True,True,,False,True,False,False,False,False,False,False,False,,,False
F97B352D-3285-4BED-9774-4761EF683E7F,F97B352D-3285-4BED-9774-4761EF683E7F.png,IMG_4369.PNG,2019-11-17T01:05:51-08:00,,,,,,,True,False,False,False,False,False,,,,True,False,public.png,False,False,,True,True,,False,True,False,False,False,False,False,False,False,,,False
17F1768A-15C2-4828-9A55-C2EBEDFB85B1,17F1768A-15C2-4828-9A55-C2EBEDFB85B1.png,IMG_4417.PNG,2019-11-20T17:41:11-08:00,,,,,,,True,False,False,False,False,False,,,,True,False,public.png,False,False,,True,True,,False,True,False,False,False,False,False,False,False,,,False
37E66D7C-F27D-4166-8241-CF009A8D978B,37E66D7C-F27D-4166-8241-CF009A8D978B.png,IMG_4780.PNG,2019-12-16T23:07:17+00:00,,,,,,,True,False,False,False,False,False,,,,True,False,public.png,False,False,,True,True,,False,True,False,False,False,False,False,False,False,,,False
8AB4439B-EF67-4495-B382-B294B524CE9B,8AB4439B-EF67-4495-B382-B294B524CE9B.png,IMG_5228.PNG,2019-12-27T13:09:55+00:00,,,,,,,True,False,False,False,False,False,,,,True,False,public.png,False,False,,True,True,,False,True,False,False,False,False,False,False,False,,,False
CDEF4C25-3DCC-43E7-B6AB-7B91CB917D8A,CDEF4C25-3DCC-43E7-B6AB-7B91CB917D8A.png,IMG_5500.PNG,2020-01-03T10:56:50+00:00,,,,,,,True,False,False,False,False,False,,,,True,False,public.png,False,False,,True,True,,False,True,False,False,False,False,False,False,False,,,False
D77FDD1F-9969-4BB6-9754-B1D6DA339B2C,D77FDD1F-9969-4BB6-9754-B1D6DA339B2C.png,IMG_5537.PNG,2020-01-04T01:31:20-08:00,,,,,,,True,False,False,False,False,False,,,,True,False,public.png,False,False,,True,True,,False,True,False,False,False,False,False,False,False,,,False
10421DF5-1514-4F4B-B1C2-7D1891ACD778,10421DF5-1514-4F4B-B1C2-7D1891ACD778.png,IMG_5596.PNG,2020-01-05T20:36:58-08:00,,,,,,,True,False,False,False,False,False,,,,True,False,public.png,False,False,,True,True,,False,True,False,False,False,False,False,False,False,,,False
9C4F20D5-42DC-4098-86D0-2BD63D567545,9C4F20D5-42DC-4098-86D0-2BD63D567545.png,IMG_5773.PNG,2020-01-09T21:06:24-08:00,,,,,,,True,False,False,False,False,False,,,,True,False,public.png,False,False,,True,True,,False,True,False,False,False,False,False,False,False,,,False
A6345AA0-3A22-4BF3-8E13-EB98CBF1FD45,A6345AA0-3A22-4BF3-8E13-EB98CBF1FD45.png,IMG_5774.PNG,2020-01-09T21:06:30-08:00,,,,,,,True,False,False,False,False,False,,,,True,False,public.png,False,False,,True,True,,False,True,False,False,False,False,False,False,False,,,False
361F4B99-039C-448F-AF09-CBFE0E88D130,361F4B99-039C-448F-AF09-CBFE0E88D130.png,IMG_5780.PNG,2020-01-09T21:56:17-08:00,,,,,,,True,False,False,False,False,False,,,,True,False,public.png,False,False,,True,True,,False,True,False,False,False,False,False,False,False,,,False
93B0DD60-1E50-4665-9407-D2D95FDB8A0D,93B0DD60-1E50-4665-9407-D2D95FDB8A0D.png,IMG_5782.PNG,2020-01-09T21:59:55-08:00,,,,,,,True,False,False,False,False,False,,,,True,False,public.png,False,False,,True,True,,False,True,False,False,False,False,False,False,False,,,False
5F60D863-6A1A-431F-BE7E-511650A69058,5F60D863-6A1A-431F-BE7E-511650A69058.png,IMG_5783.PNG,2020-01-09T22:03:13-08:00,,,,,,,True,False,False,False,False,False,,,,True,False,public.png,False,False,,True,True,,False,True,False,False,False,False,False,False,False,,,False
DCCDEE47-9AC9-484E-A405-E11D4BE6A0AF,DCCDEE47-9AC9-484E-A405-E11D4BE6A0AF.png,IMG_5785.PNG,2020-01-09T23:23:15-08:00,,,,,,,True,False,False,False,False,False,,,,True,False,public.png,False,False,,True,True,,False,True,False,False,False,False,False,False,False,,,False
1D50EF64-6D4A-4691-9682-28066B91275E,1D50EF64-6D4A-4691-9682-28066B91275E.png,IMG_5788.PNG,2020-01-10T01:12:16-08:00,,,,,,,True,False,False,False,False,False,,,,True,False,public.png,False,False,,True,True,,False,True,False,False,False,False,False,False,False,,,False
39191193-B0F1-48A4-82BF-7177DCB16F43,39191193-B0F1-48A4-82BF-7177DCB16F43.png,IMG_5819.PNG,2020-01-10T22:49:24-08:00,,,,,,,True,False,False,False,False,False,,,,True,False,public.png,False,False,,True,True,,False,True,False,False,False,False,False,False,False,,,False
BC12C350-BA80-48D1-8564-268457C77584,BC12C350-BA80-48D1-8564-268457C77584.png,IMG_5820.PNG,2020-01-10T22:49:30-08:00,,,,,,,True,False,False,False,False,False,,,,True,False,public.png,False,False,,True,True,,False,True,False,False,False,False,False,False,False,,,False
F57EC7FA-DCFB-47B4-AB1E-0F7023C60399,F57EC7FA-DCFB-47B4-AB1E-0F7023C60399.png,IMG_5821.PNG,2020-01-10T22:49:44-08:00,,,,,,,True,False,False,False,False,False,,,,True,False,public.png,False,False,,True,True,,False,True,False,False,False,False,False,False,False,,,False
0C315158-160C-461B-8A2F-FD4276355ABA,0C315158-160C-461B-8A2F-FD4276355ABA.png,IMG_5872.PNG,2020-01-12T21:46:29-08:00,,,,,Jeffrey Scudder,,True,False,False,False,False,False,,,,True,False,public.png,False,False,,True,True,,False,True,False,False,False,False,False,False,False,,,False
27B8CB35-BDC3-46B5-B3A3-9E7D58993B8E,27B8CB35-BDC3-46B5-B3A3-9E7D58993B8E.png,IMG_5967.PNG,2020-01-13T20:38:47-08:00,,,,,,,True,False,False,False,False,False,,,,True,False,public.png,False,False,,True,True,,False,True,False,False,False,False,False,False,False,,,False
4760A93C-61E7-4E7D-990E-B550C801846D,4760A93C-61E7-4E7D-990E-B550C801846D.png,IMG_6168.PNG,2020-01-19T02:56:27-08:00,,,,,,,True,False,False,False,False,False,,,,True,False,public.png,False,False,,True,True,,False,True,False,False,False,False,False,False,False,,,False
6871A0AF-4520-41A2-ADFF-BACC09FBB6BA,6871A0AF-4520-41A2-ADFF-BACC09FBB6BA.png,IMG_6414.PNG,2020-01-27T20:07:36-08:00,,,,,,,True,False,False,False,False,False,,,,True,False,public.png,False,False,,True,True,,False,True,False,False,False,False,False,False,False,,,False
D5F34A91-AEA8-4400-9A58-3959010BCEE9,D5F34A91-AEA8-4400-9A58-3959010BCEE9.png,IMG_6551.PNG,2020-02-01T23:16:36-08:00,,,,,,,True,False,False,False,False,False,,,,True,False,public.png,False,False,,True,True,,False,True,False,False,False,False,False,False,False,,,False
121C739B-96E3-4319-9B9A-7286CBC49E16,121C739B-96E3-4319-9B9A-7286CBC49E16.png,IMG_6596.PNG,2020-02-03T20:41:03-08:00,,,,,,,True,False,False,False,False,False,,,,True,False,public.png,False,False,,True,True,,False,True,False,False,False,False,False,False,False,,,False
1F070DE9-EBE0-425B-8D6E-629A286DD03B,1F070DE9-EBE0-425B-8D6E-629A286DD03B.png,IMG_6635.PNG,2020-02-05T14:39:42-08:00,,,,,,,True,False,False,False,False,False,,,,True,False,public.png,False,False,,True,True,,False,True,False,False,False,False,False,False,False,,,False
665CF6BE-2D7C-4BAA-97E3-BA283EF9E3FE,665CF6BE-2D7C-4BAA-97E3-BA283EF9E3FE.png,IMG_6704.PNG,2020-02-07T09:25:12-08:00,,,,,,,True,False,False,False,False,False,,,,True,False,public.png,False,False,,True,True,,False,True,False,False,False,False,False,False,False,,,False
8346D68C-3143-4AD6-8B41-6C0F5A7C1529,8346D68C-3143-4AD6-8B41-6C0F5A7C1529.png,IMG_6792.PNG,2020-02-09T22:25:16-08:00,,,,,,,True,False,False,False,False,False,,,,True,False,public.png,False,False,,True,True,,False,True,False,False,False,False,False,False,False,,,False
0492F2D1-0429-4BA2-8683-CC49E69C65A1,0492F2D1-0429-4BA2-8683-CC49E69C65A1.png,IMG_6842.PNG,2020-02-11T20:45:42-08:00,,,,,,,True,False,False,False,False,False,,,,True,False,public.png,False,False,,True,True,,False,True,False,False,False,False,False,False,False,,,False
DE299C92-76EF-4436-A010-EE68F31FB183,DE299C92-76EF-4436-A010-EE68F31FB183.png,IMG_6856.PNG,2020-02-12T14:31:17-08:00,,,,,,,True,False,False,False,False,False,,,,True,False,public.png,False,False,,True,True,,False,True,False,False,False,False,False,False,False,,,False
DC3F017A-08A5-4A46-B98A-A2AA4BEA511E,DC3F017A-08A5-4A46-B98A-A2AA4BEA511E.png,IMG_6875.PNG,2020-02-12T17:55:43-08:00,,,,,,,True,False,False,False,False,False,,,,True,False,public.png,False,False,,True,True,,False,True,False,False,False,False,False,False,False,,,False
D0CED43D-B083-4815-9A83-B457CFBBD90E,D0CED43D-B083-4815-9A83-B457CFBBD90E.png,IMG_6885.PNG,2020-02-13T07:56:38-08:00,,,,,,,True,False,False,False,False,False,,,,True,False,public.png,False,False,,True,True,,False,True,False,False,False,False,False,False,False,,,False
18ABD85D-DF1C-47A6-90DE-C3B1CD0D1B76,18ABD85D-DF1C-47A6-90DE-C3B1CD0D1B76.jpeg,60344430709__8064DB63-45AB-4B71-8EB3-43D41AD21F28.JPG,2020-02-14T23:25:07.069000-08:00,,,,,,,True,False,False,False,False,False,,,,True,False,public.jpeg,False,False,,True,True,,False,False,False,False,False,False,False,False,False,,,False
F827D081-CEC5-44C1-90DB-E7382A5CDB15,F827D081-CEC5-44C1-90DB-E7382A5CDB15.png,IMG_7012.PNG,2020-02-17T12:33:51-08:00,,,,,,,True,False,False,False,False,False,,,,True,False,public.png,False,False,,True,True,,False,True,False,False,False,False,False,False,False,,,False
0565438A-A228-4AD7-8D53-C157D76F6C68,0565438A-A228-4AD7-8D53-C157D76F6C68.png,IMG_7126.PNG,2020-02-18T17:49:43-08:00,,,,,,,True,False,False,False,False,False,,,,True,False,public.png,False,False,,True,True,,False,True,False,False,False,False,False,False,False,,,False
AF62F523-6F89-4DB8-8BE1-44B451CAA130,AF62F523-6F89-4DB8-8BE1-44B451CAA130.png,IMG_7127.PNG,2020-02-18T17:50:21-08:00,,,,,,,True,False,False,False,False,False,,,,True,False,public.png,False,False,,True,True,,False,True,False,False,False,False,False,False,False,,,False
209D292C-4486-4F55-92BB-AC59DC13CC98,209D292C-4486-4F55-92BB-AC59DC13CC98.png,IMG_7187.PNG,2020-02-22T07:29:28-08:00,,,,,,,True,False,False,False,False,False,,,,True,False,public.png,False,False,,True,True,,False,True,False,False,False,False,False,False,False,,,False
82664245-5CA8-4B4B-9EF2-C14FCBCC30BE,82664245-5CA8-4B4B-9EF2-C14FCBCC30BE.png,IMG_7188.PNG,2020-02-22T07:29:34-08:00,,,,,,,True,False,False,False,False,False,,,,True,False,public.png,False,False,,True,True,,False,True,False,False,False,False,False,False,False,,,False
04822532-9C28-4813-89AC-0E65504CBE62,04822532-9C28-4813-89AC-0E65504CBE62.png,IMG_7196.PNG,2020-02-22T13:37:02-08:00,,,,,,,True,False,False,False,False,False,,,,True,False,public.png,False,False,,True,True,,False,True,False,False,False,False,False,False,False,,,False
5CBEC207-0B10-49E7-B307-A8BD521D0A11,5CBEC207-0B10-49E7-B307-A8BD521D0A11.png,IMG_7199.PNG,2020-02-22T16:39:18-08:00,,,,,,,True,False,False,False,False,False,,,,True,False,public.png,False,False,,True,True,,False,True,False,False,False,False,False,False,False,,,False
773AD9DB-EC74-44D2-BB53-68093A60B78D,773AD9DB-EC74-44D2-BB53-68093A60B78D.png,IMG_7201.PNG,2020-02-22T16:58:50-08:00,,,,,,,True,False,False,False,False,False,,,,True,False,public.png,False,False,,True,True,,False,True,False,False,False,False,False,False,False,,,False
5992DF23-136B-46B2-B1A0-536AE6248ED3,5992DF23-136B-46B2-B1A0-536AE6248ED3.png,IMG_7206.PNG,2020-02-22T22:30:25-08:00,,,,,,,True,False,False,False,False,False,,,,True,False,public.png,False,False,,True,True,,False,True,False,False,False,False,False,False,False,,,False
366E9FD3-65A0-4CF3-87DE-8FCCEB7B02BF,366E9FD3-65A0-4CF3-87DE-8FCCEB7B02BF.png,IMG_7210.PNG,2020-02-23T08:58:54-08:00,,,,,,,True,False,False,False,False,False,,,,True,False,public.png,False,False,,True,True,,False,True,False,False,False,False,False,False,False,,,False
35612C88-448F-411C-8CBD-63DE5270271C,35612C88-448F-411C-8CBD-63DE5270271C.png,IMG_7222.PNG,2020-02-23T20:05:05-08:00,,,,,,,True,False,False,False,False,False,,,,True,False,public.png,False,False,,True,True,,False,True,False,False,False,False,False,False,False,,,False
948FD8F1-5EAE-4729-838B-502B9C5A2917,948FD8F1-5EAE-4729-838B-502B9C5A2917.png,IMG_7259.PNG,2020-02-25T19:54:39-08:00,,,,,,,True,False,False,False,False,False,,,,True,False,public.png,False,False,,True,True,,False,True,False,False,False,False,False,False,False,,,False
F8AB9E2A-345B-4689-B0A5-D2A81FE8E13B,F8AB9E2A-345B-4689-B0A5-D2A81FE8E13B.png,IMG_7307.PNG,2020-02-27T20:41:38-08:00,,,,,,,True,False,False,False,False,False,,,,True,False,public.png,False,False,,True,True,,False,True,False,False,False,False,False,False,False,,,False
6782D5D2-E64F-4B86-AFA7-E90DBC8B70B7,6782D5D2-E64F-4B86-AFA7-E90DBC8B70B7.png,IMG_7451.PNG,2020-03-07T09:09:52-08:00,,,,,,,True,False,False,False,False,False,,,,True,False,public.png,False,False,,True,True,,False,True,False,False,False,False,False,False,False,,,False
1D48F5E3-78A4-42C8-A1A5-46B6AB4C12EA,1D48F5E3-78A4-42C8-A1A5-46B6AB4C12EA.png,IMG_7462.PNG,2020-03-07T20:30:06-08:00,,,,,,,True,False,False,False,False,False,,,,True,False,public.png,False,False,,True,True,,False,True,False,False,False,False,False,False,False,,,False
9488DCA3-C28C-4476-B93A-CBC6E5E57E6F,9488DCA3-C28C-4476-B93A-CBC6E5E57E6F.png,IMG_7475.PNG,2020-03-08T22:13:18-07:00,,,,,,,True,False,False,False,False,False,,,,True,False,public.png,False,False,,True,True,,False,True,False,False,False,False,False,False,False,,,False
48E88FDA-6373-4160-9B3A-9EA5075E12A9,48E88FDA-6373-4160-9B3A-9EA5075E12A9.jpeg,5579C894-B1B3-4922-9C29-5BFD56E31977.jpg,2020-03-08T22:13:45-07:00,,,,Instagram,,,True,False,False,False,False,False,42.197936670000004,-122.70968667,,True,False,public.jpeg,False,False,,True,True,,False,False,False,False,False,False,False,False,False,,,False
B4CBC65D-A7D8-4D06-B746-745E9FDA4D90,B4CBC65D-A7D8-4D06-B746-745E9FDA4D90.png,IMG_7508.PNG,2020-03-10T17:21:26-07:00,,,,,,,True,False,False,False,False,False,,,,True,False,public.png,False,False,,True,True,,False,True,False,False,False,False,False,False,False,,,False
FF73D0EC-584F-4473-98EF-275F0DA0BB74,FF73D0EC-584F-4473-98EF-275F0DA0BB74.png,IMG_7530.PNG,2020-03-12T21:04:36-07:00,,,,,,,True,False,False,False,False,False,,,,True,False,public.png,False,False,,True,True,,False,True,False,False,False,False,False,False,False,,,False
B0A03AD8-2305-4BB9-9BAF-CAB59F2D7553,B0A03AD8-2305-4BB9-9BAF-CAB59F2D7553.png,IMG_7549.PNG,2020-03-14T10:11:41-07:00,,,,,,,True,False,False,False,False,False,,,,True,False,public.png,False,False,,True,True,,False,True,False,False,False,False,False,False,False,,,False
C4BBFD11-BA67-43C7-A176-ACCB8206144F,C4BBFD11-BA67-43C7-A176-ACCB8206144F.png,IMG_7559.PNG,2020-03-14T19:08:30-07:00,,,,,,,True,False,False,False,False,False,,,,True,False,public.png,False,False,,True,True,,False,True,False,False,False,False,False,False,False,,,False
CFBF2FA0-74D2-4A1C-B5CF-F7411E0804D3,CFBF2FA0-74D2-4A1C-B5CF-F7411E0804D3.png,IMG_7694.PNG,2020-03-24T11:37:06-07:00,,,,,,,True,False,False,False,False,False,,,,True,False,public.png,False,False,,True,True,,False,True,False,False,False,False,False,False,False,,,False
7823553D-D2A3-4C18-BACE-360121911B40,7823553D-D2A3-4C18-BACE-360121911B40.png,IMG_7697.PNG,2020-03-24T19:45:54-07:00,,,,,,,True,False,False,False,False,False,,,,True,False,public.png,False,False,,True,True,,False,True,False,False,False,False,False,False,False,,,False
D71E8366-49EE-4C74-9BAD-0A7143F56600,D71E8366-49EE-4C74-9BAD-0A7143F56600.png,IMG_7719.PNG,2020-03-26T11:27:42-07:00,,,,,,,True,False,False,False,False,False,,,,True,False,public.png,False,False,,True,True,,False,True,False,False,False,False,False,False,False,,,False
F0600119-7438-4278-80E2-5F6DFC35A178,F0600119-7438-4278-80E2-5F6DFC35A178.png,IMG_7720.PNG,2020-03-26T11:28:09-07:00,,,,,,,True,False,False,False,False,False,,,,True,False,public.png,False,False,,True,True,,False,True,False,False,False,False,False,False,False,,,False
C4BA26A2-DA90-463B-96D9-A4EAF7313E14,C4BA26A2-DA90-463B-96D9-A4EAF7313E14.png,IMG_7721.PNG,2020-03-26T11:28:14-07:00,,,,,,,True,False,False,False,False,False,,,,True,False,public.png,False,False,,True,True,,False,True,False,False,False,False,False,False,False,,,False
DDC0972E-8436-43A3-ABD1-14475EBF85AF,DDC0972E-8436-43A3-ABD1-14475EBF85AF.png,IMG_7798.PNG,2020-03-27T23:56:18-07:00,,,,,,,True,False,False,False,False,False,,,,True,False,public.png,False,False,,True,True,,False,True,False,False,False,False,False,False,False,,,False
786A0634-1AF8-4D6F-B21B-7753CDEC7042,786A0634-1AF8-4D6F-B21B-7753CDEC7042.png,IMG_7846.PNG,2020-03-30T13:18:12-07:00,,,,,,,True,False,False,False,False,False,,,,True,False,public.png,False,False,,True,True,,False,True,False,False,False,False,False,False,False,,,False
BFE64429-6B1E-4C22-845D-77D50B734CAC,BFE64429-6B1E-4C22-845D-77D50B734CAC.png,IMG_7850.PNG,2020-03-30T13:24:41-07:00,,,,,,,True,False,False,False,False,False,,,,True,False,public.png,False,False,,True,True,,False,True,False,False,False,False,False,False,False,,,False
25EDB50B-4790-4958-BE15-F493073BDA55,25EDB50B-4790-4958-BE15-F493073BDA55.png,IMG_7944.PNG,2020-04-09T00:30:23-07:00,,,,,,,True,False,False,False,False,False,,,,True,False,public.png,False,False,,True,True,,False,True,False,False,False,False,False,False,False,,,False
BD455E45-BD9D-4D89-83EC-586E07352813,BD455E45-BD9D-4D89-83EC-586E07352813.png,IMG_7962.PNG,2020-04-09T02:42:15-07:00,,,,,,,True,False,False,False,False,False,,,,True,False,public.png,False,False,,True,True,,False,True,False,False,False,False,False,False,False,,,False
8BAEDA50-A9AE-4950-A108-AC35A331C17F,8BAEDA50-A9AE-4950-A108-AC35A331C17F.png,IMG_8030.PNG,2020-04-13T19:48:41-07:00,,,,,,,True,False,False,False,False,False,,,,True,False,public.png,False,False,,True,True,,False,True,False,False,False,False,False,False,False,,,False
7600641D-89B7-428D-8D3A-2D9507AA060E,7600641D-89B7-428D-8D3A-2D9507AA060E.png,IMG_8032.PNG,2020-04-13T19:49:29-07:00,,,,,,,True,False,False,False,False,False,,,,True,False,public.png,False,False,,True,True,,False,True,False,False,False,False,False,False,False,,,False
DE3594D4-495A-44AA-BAFE-7306D965211B,DE3594D4-495A-44AA-BAFE-7306D965211B.png,IMG_8060.PNG,2020-04-15T13:40:18-07:00,,,,,,,True,False,False,False,False,False,,,,True,False,public.png,False,False,,True,True,,False,True,False,False,False,False,False,False,False,,,False
94C3B96B-A655-4F3D-BBEB-AEE10A8B91E6,94C3B96B-A655-4F3D-BBEB-AEE10A8B91E6.png,IMG_8139.PNG,2020-04-18T17:36:58-07:00,,,,,,,True,False,False,False,False,False,,,,True,False,public.png,False,False,,True,True,,False,True,False,False,False,False,False,False,False,,,False
C8477351-BB23-4497-904B-735E7AA9A224,C8477351-BB23-4497-904B-735E7AA9A224.png,IMG_8156.PNG,2020-04-19T19:58:54-07:00,,,,,,,True,False,False,False,False,False,,,,True,False,public.png,False,False,,True,True,,False,True,False,False,False,False,False,False,False,,,False
3A781D1E-EE62-46B3-9679-381EBC2DEA46,3A781D1E-EE62-46B3-9679-381EBC2DEA46.png,IMG_8179.PNG,2020-04-20T13:35:33-07:00,,,,,"_UNKNOWN_, _UNKNOWN_",,True,False,False,False,False,False,,,,True,False,public.png,False,False,,True,True,,False,True,False,False,False,False,False,False,False,,,False
68F2FBAD-3A10-4D8E-B00B-D13C244740CA,68F2FBAD-3A10-4D8E-B00B-D13C244740CA.png,IMG_8184.PNG,2020-04-20T23:31:20-07:00,,,,,,,True,False,False,False,False,False,,,,True,False,public.png,False,False,,True,True,,False,True,False,False,False,False,False,False,False,,,False
51FEB885-D44E-4CD6-A49C-1847605459A1,51FEB885-D44E-4CD6-A49C-1847605459A1.png,IMG_8225.PNG,2020-04-23T16:32:15-07:00,,,,,,,True,False,False,False,False,False,,,,True,False,public.png,False,False,,True,True,,False,True,False,False,False,False,False,False,False,,,False
7428EB83-6DF0-43CB-9045-EFAB6DABA51B,7428EB83-6DF0-43CB-9045-EFAB6DABA51B.png,IMG_8227.PNG,2020-04-23T20:50:36-07:00,,,,,,,True,False,False,False,False,False,,,,True,False,public.png,False,False,,True,True,,False,True,False,False,False,False,False,False,False,,,False
DECE03FA-08AA-45DC-929E-4C4314B18247,DECE03FA-08AA-45DC-929E-4C4314B18247.png,IMG_8233.PNG,2020-04-24T00:56:03-07:00,,,,,,,True,False,False,False,False,False,,,,True,False,public.png,False,False,,True,True,,False,True,False,False,False,False,False,False,False,,,False
45CA82A1-FFF2-496B-BF31-C25EFC53FEA3,45CA82A1-FFF2-496B-BF31-C25EFC53FEA3.png,IMG_8234.PNG,2020-04-24T00:56:06-07:00,,,,,,,True,False,False,False,False,False,,,,True,False,public.png,False,False,,True,True,,False,True,False,False,False,False,False,False,False,,,False
D3AC13AC-5B89-4E9D-A914-7765A860369E,D3AC13AC-5B89-4E9D-A914-7765A860369E.png,IMG_8335.PNG,2020-04-27T21:45:24-07:00,,,,,,,True,False,False,False,False,False,,,,True,False,public.png,False,False,,True,True,,False,True,False,False,False,False,False,False,False,,,False
7E602E59-6585-4BD0-BD91-61CAAA7C4D0F,7E602E59-6585-4BD0-BD91-61CAAA7C4D0F.png,IMG_8371.PNG,2020-04-30T18:47:35-07:00,,,,,,,True,False,False,False,False,False,,,,True,False,public.png,False,False,,True,True,,False,True,False,False,False,False,False,False,False,,,False
C01DF8B2-E88E-4715-A39E-C0D6CEAE1B95,C01DF8B2-E88E-4715-A39E-C0D6CEAE1B95.png,IMG_8385.PNG,2020-05-04T11:05:39-07:00,,,,,,,True,False,False,False,False,False,,,,True,False,public.png,False,False,,True,True,,False,True,False,False,False,False,False,False,False,,,False
8141B377-ED65-4D68-B447-8DF0419FCBDA,8141B377-ED65-4D68-B447-8DF0419FCBDA.png,IMG_8408.PNG,2020-05-05T17:45:59-07:00,,,,,,,True,False,False,False,False,False,,,,True,False,public.png,False,False,,True,True,,False,True,False,False,False,False,False,False,False,,,False
DFC69AA2-E9A8-4F2E-A4DC-EF32C6ECEC67,DFC69AA2-E9A8-4F2E-A4DC-EF32C6ECEC67.png,IMG_8410.PNG,2020-05-05T20:00:33-07:00,,,,,,,True,False,False,False,False,False,,,,True,False,public.png,False,False,,True,True,,False,True,False,False,False,False,False,False,False,,,False
9A7C88EE-3748-4B1E-BA2A-3B43EB2DA892,9A7C88EE-3748-4B1E-BA2A-3B43EB2DA892.png,IMG_8437.PNG,2020-05-08T17:03:33-07:00,,,,,,,True,False,False,False,False,False,,,,True,False,public.png,False,False,,True,True,,False,True,False,False,False,False,False,False,False,,,False
BBA87955-DBE5-42EB-B148-71298BEA39B2,BBA87955-DBE5-42EB-B148-71298BEA39B2.png,IMG_8458.PNG,2020-05-11T21:44:14-07:00,,,,,,,True,False,False,False,False,False,,,,True,False,public.png,False,False,,True,True,,False,True,False,False,False,False,False,False,False,,,False
9081028E-70A0-49F0-8CA6-AD28AEA5605A,9081028E-70A0-49F0-8CA6-AD28AEA5605A.png,IMG_8472.PNG,2020-05-12T23:34:49-07:00,,,,,,,True,False,False,False,False,False,,,,True,False,public.png,False,False,,True,True,,False,True,False,False,False,False,False,False,False,,,False
33523888-6886-493C-9A70-41E71C928A3C,33523888-6886-493C-9A70-41E71C928A3C.png,IMG_8482.PNG,2020-05-14T00:17:43-07:00,,,,,_UNKNOWN_,,True,False,False,False,False,False,,,,True,False,public.png,False,False,,True,True,,False,True,False,False,False,False,False,False,False,,,False
F152EF34-DF39-475A-88D7-3049648A449F,F152EF34-DF39-475A-88D7-3049648A449F.png,IMG_8483.PNG,2020-05-14T00:17:51-07:00,,,,,_UNKNOWN_,,True,False,False,False,False,False,,,,True,False,public.png,False,False,,True,True,,False,True,False,False,False,False,False,False,False,,,False
9F66E93C-1BD3-4947-AC3E-C6F56C922155,9F66E93C-1BD3-4947-AC3E-C6F56C922155.png,IMG_8499.PNG,2020-05-15T02:13:25-07:00,,,,,,,True,False,False,False,False,False,,,,True,False,public.png,False,False,,True,True,,False,True,False,False,False,False,False,False,False,,,False
8E85F677-7AEB-4A1E-A48A-7091C7C4AC34,8E85F677-7AEB-4A1E-A48A-7091C7C4AC34.png,IMG_8534.PNG,2020-05-18T00:00:09-07:00,,,,,,,True,False,False,False,False,False,,,,True,False,public.png,False,False,,True,True,,False,True,False,False,False,False,False,False,False,,,False
3416AB3F-93F9-4C95-B012-62E499A3833E,3416AB3F-93F9-4C95-B012-62E499A3833E.png,IMG_8661.PNG,2020-05-26T01:06:51-07:00,,,,,,,True,False,False,False,False,False,,,,True,False,public.png,False,False,,True,True,,False,True,False,False,False,False,False,False,False,,,False
ECB40D2B-3675-4E20-84AA-ACF20352FFD1,ECB40D2B-3675-4E20-84AA-ACF20352FFD1.png,IMG_8662.PNG,2020-05-26T01:10:29-07:00,,,,,,,True,False,False,False,False,False,,,,True,False,public.png,False,False,,True,True,,False,True,False,False,False,False,False,False,False,,,False
621527EE-4972-4883-9AD5-77B9B616484A,621527EE-4972-4883-9AD5-77B9B616484A.png,IMG_8663.PNG,2020-05-26T01:10:58-07:00,,,,,,,True,False,False,False,False,False,,,,True,False,public.png,False,False,,True,True,,False,True,False,False,False,False,False,False,False,,,False
CFDE61FF-0575-4292-8315-650812A81AEB,CFDE61FF-0575-4292-8315-650812A81AEB.png,IMG_8683.PNG,2020-05-26T17:39:44-07:00,,,,,,,True,False,False,False,False,False,,,,True,False,public.png,False,False,,True,True,,False,True,False,False,False,False,False,False,False,,,False
F94E87C7-7EBF-4FC6-9CB2-8C100BD14FFF,F94E87C7-7EBF-4FC6-9CB2-8C100BD14FFF.png,IMG_8761.PNG,2020-06-01T02:30:59-07:00,,,,,,,True,False,False,False,False,False,,,,True,False,public.png,False,False,,True,True,,False,True,False,False,False,False,False,False,False,,,False
EFC34FCF-B063-40AF-A106-C8D10E1EBCE2,EFC34FCF-B063-40AF-A106-C8D10E1EBCE2.png,IMG_8763.PNG,2020-06-01T03:01:54-07:00,,,,,,,True,False,False,False,False,False,,,,True,False,public.png,False,False,,True,True,,False,True,False,False,False,False,False,False,False,,,False
1E67EF10-9E28-4C1C-9909-4D21BEFDD273,1E67EF10-9E28-4C1C-9909-4D21BEFDD273.jpeg,10AE15EE-2208-48EE-BC33-B554F988D68C.jpg,2020-06-01T03:02:36.167307-07:00,,,,Instagram,,,True,False,False,False,False,False,42.197936670000004,-122.70951667,,True,False,public.jpeg,False,False,,True,True,,False,False,False,False,False,False,False,False,False,,,False
13B9D8A4-B003-4187-86E4-BBA483A983B6,13B9D8A4-B003-4187-86E4-BBA483A983B6.png,IMG_8765.PNG,2020-06-01T03:03:20-07:00,,,,,,,True,False,False,False,False,False,,,,True,False,public.png,False,False,,True,True,,False,True,False,False,False,False,False,False,False,,,False
322C0FE9-2C72-4B17-AC43-B80411FF5FFB,322C0FE9-2C72-4B17-AC43-B80411FF5FFB.png,IMG_8766.PNG,2020-06-01T03:03:27-07:00,,,,,,,True,False,False,False,False,False,,,,True,False,public.png,False,False,,True,True,,False,True,False,False,False,False,False,False,False,,,False
FB9C1A79-DA42-43F3-AE22-7686108C43A7,FB9C1A79-DA42-43F3-AE22-7686108C43A7.jpeg,24D3086A-760A-4585-AE64-C2422F1D4948.jpg,2020-06-01T03:03:27-07:00,,,,Instagram,,,True,False,False,False,False,False,42.198058329999995,-122.70997832999998,,True,False,public.jpeg,False,False,,True,True,,False,False,False,False,False,False,False,False,False,,,False
77BDBB43-1403-4C88-BD0C-0764ACC21815,77BDBB43-1403-4C88-BD0C-0764ACC21815.png,IMG_8771.PNG,2020-06-01T13:41:42-07:00,,,,,,,True,False,False,False,False,False,,,,True,False,public.png,False,False,,True,True,,False,True,False,False,False,False,False,False,False,,,False
C4DC8701-698C-40BC-BE56-FF77305C8FCA,C4DC8701-698C-40BC-BE56-FF77305C8FCA.png,IMG_8773.PNG,2020-06-01T15:11:42-07:00,,,,,,,True,False,False,False,False,False,,,,True,False,public.png,False,False,,True,True,,False,True,False,False,False,False,False,False,False,,,False
A7972071-6A8F-4132-BC08-D3936C2FB8F7,A7972071-6A8F-4132-BC08-D3936C2FB8F7.png,IMG_8786.PNG,2020-06-02T21:05:54-07:00,,,,,,,True,False,False,False,False,False,,,,True,False,public.png,False,False,,True,True,,False,True,False,False,False,False,False,False,False,,,False
DA39ADB9-4EA1-4052-B739-2169A13C8A49,DA39ADB9-4EA1-4052-B739-2169A13C8A49.png,IMG_8794.PNG,2020-06-04T12:43:40-07:00,,,,,,,True,False,False,False,False,False,,,,True,False,public.png,False,False,,True,True,,False,True,False,False,False,False,False,False,False,,,False
F39036FC-F70C-44E7-9361-6AF63ABAA528,F39036FC-F70C-44E7-9361-6AF63ABAA528.png,IMG_8832.PNG,2020-06-09T20:37:19-07:00,,,,,,,True,False,False,False,False,False,,,,True,False,public.png,False,False,,True,True,,False,True,False,False,False,False,False,False,False,,,False
C94D5DDD-98CD-441B-A207-E5E4F726A6A0,C94D5DDD-98CD-441B-A207-E5E4F726A6A0.png,IMG_8905.PNG,2020-06-15T17:07:35-07:00,,,,,,,True,False,False,False,False,False,,,,True,False,public.png,False,False,,True,True,,False,True,False,False,False,False,False,False,False,,,False
70074C63-FDCB-40C5-819F-A04CC95E8528,70074C63-FDCB-40C5-819F-A04CC95E8528.png,IMG_8906.PNG,2020-06-15T18:13:22-07:00,,,,,,,True,False,False,False,False,False,,,,True,False,public.png,False,False,,True,True,,False,True,False,False,False,False,False,False,False,,,False
FE47EEB9-E884-43B4-A8D9-7080226926C9,FE47EEB9-E884-43B4-A8D9-7080226926C9.png,IMG_8910.PNG,2020-06-15T21:42:57-07:00,,,,,,,True,False,False,False,False,False,,,,True,False,public.png,False,False,,True,True,,False,True,False,False,False,False,False,False,False,,,False
797FD081-3849-4974-85B2-1AEA5E5E4CA0,797FD081-3849-4974-85B2-1AEA5E5E4CA0.png,IMG_9079.PNG,2020-06-21T01:06:26-07:00,,,,,,,True,False,False,False,False,False,,,,True,False,public.png,False,False,,True,True,,False,True,False,False,False,False,False,False,False,,,False
8A12D28C-25BE-4485-B7DD-EF8167016B47,8A12D28C-25BE-4485-B7DD-EF8167016B47.png,IMG_9125.PNG,2020-06-22T17:05:53-07:00,,,,,,,True,False,False,False,False,False,,,,True,False,public.png,False,False,,True,True,,False,True,False,False,False,False,False,False,False,,,False
55DFA0A3-6B23-4897-AE54-A56550622150,55DFA0A3-6B23-4897-AE54-A56550622150.png,IMG_9126.PNG,2020-06-22T18:22:27-07:00,,,,,,,True,False,False,False,False,False,,,,True,False,public.png,False,False,,True,True,,False,True,False,False,False,False,False,False,False,,,False
AA9E0B0C-7DB3-424B-823A-93370BA100C7,AA9E0B0C-7DB3-424B-823A-93370BA100C7.png,IMG_9136.PNG,2020-06-22T23:24:59-07:00,,,,,,,True,False,False,False,False,False,,,,True,False,public.png,False,False,,True,True,,False,True,False,False,False,False,False,False,False,,,False
2BC786FF-4F75-40A1-95E4-98687F0FE523,2BC786FF-4F75-40A1-95E4-98687F0FE523.png,IMG_9263.PNG,2020-06-28T18:24:34-07:00,,,,,,,True,False,False,False,False,False,,,,True,False,public.png,False,False,,True,True,,False,True,False,False,False,False,False,False,False,,,False
9AB3874B-F086-4ED1-814A-1BB2E0A09C12,9AB3874B-F086-4ED1-814A-1BB2E0A09C12.png,IMG_9264.PNG,2020-06-28T18:25:05-07:00,,,,,,,True,False,False,False,False,False,,,,True,False,public.png,False,False,,True,True,,False,True,False,False,False,False,False,False,False,,,False
64A2571B-D6E1-43E2-89BE-D913474309D1,64A2571B-D6E1-43E2-89BE-D913474309D1.png,IMG_9368.PNG,2020-07-05T02:14:15-07:00,,,,,,,True,False,False,False,False,False,,,,True,False,public.png,False,False,,True,True,,False,True,False,False,False,False,False,False,False,,,False
C5E3AC34-0EC1-42AD-BD57-9DAA9264C4D8,C5E3AC34-0EC1-42AD-BD57-9DAA9264C4D8.png,IMG_9383.PNG,2020-07-06T03:57:56-07:00,,,,,,,True,False,False,False,False,False,,,,True,False,public.png,False,False,,True,True,,False,True,False,False,False,False,False,False,False,,,False
EC84E0A3-1EFF-47BA-BCC0-8404F16A7A15,EC84E0A3-1EFF-47BA-BCC0-8404F16A7A15.png,IMG_9482.PNG,2020-07-10T21:46:30-04:00,,,,,,,True,False,False,False,False,False,,,,True,False,public.png,False,False,,True,True,,False,True,False,False,False,False,False,False,False,,,False
FD5FBEA2-128D-478A-81DC-011116E0909B,FD5FBEA2-128D-478A-81DC-011116E0909B.png,IMG_9484.PNG,2020-07-10T22:04:43-04:00,,,,,,,True,False,False,False,False,False,,,,True,False,public.png,False,False,,True,True,,False,True,False,False,False,False,False,False,False,,,False
D5883AF8-CC00-487F-A31C-979382B8F3A7,D5883AF8-CC00-487F-A31C-979382B8F3A7.png,IMG_9493.PNG,2020-07-10T23:20:29-04:00,,,,,,,True,False,False,False,False,False,,,,True,False,public.png,False,False,,True,True,,False,True,False,False,False,False,False,False,False,,,False
11028F83-4779-4CB1-BD53-0A6CE1D4A1E1,11028F83-4779-4CB1-BD53-0A6CE1D4A1E1.png,IMG_9494.PNG,2020-07-10T23:20:32-04:00,,,,,,,True,False,False,False,False,False,,,,True,False,public.png,False,False,,True,True,,False,True,False,False,False,False,False,False,False,,,False
63F8B4C6-FB6D-4A49-8C5D-80766A8A66E7,63F8B4C6-FB6D-4A49-8C5D-80766A8A66E7.png,IMG_9495.PNG,2020-07-10T23:25:30-04:00,,,,,,,True,False,False,False,False,False,,,,True,False,public.png,False,False,,True,True,,False,True,False,False,False,False,False,False,False,,,False
AFA77131-D123-4771-A72C-24CDE4959169,AFA77131-D123-4771-A72C-24CDE4959169.png,IMG_9559.PNG,2020-07-12T10:45:59-04:00,,,,,,,True,False,False,False,False,False,,,,True,False,public.png,False,False,,True,True,,False,True,False,False,False,False,False,False,False,,,False
80FDECDF-AABA-48C2-955F-61C6108A85F8,80FDECDF-AABA-48C2-955F-61C6108A85F8.png,IMG_9560.PNG,2020-07-12T10:49:02-04:00,,,,,,,True,False,False,False,False,False,,,,True,False,public.png,False,False,,True,True,,False,True,False,False,False,False,False,False,False,,,False
F87CDC63-E65B-443A-855A-F97C3E6C800E,F87CDC63-E65B-443A-855A-F97C3E6C800E.png,IMG_9630.PNG,2020-07-13T01:17:22-04:00,,,,,_UNKNOWN_,,True,False,False,False,False,False,,,,True,False,public.png,False,False,,True,True,,False,True,False,False,False,False,False,False,False,,,False
52724884-FB05-42F5-9370-13D82367A5AB,52724884-FB05-42F5-9370-13D82367A5AB.png,IMG_9655.PNG,2020-07-13T20:09:11-04:00,,,,,,,True,False,False,False,False,False,,,,True,False,public.png,False,False,,True,True,,False,True,False,False,False,False,False,False,False,,,False
6AF8DEAA-E5E3-4ABE-8D35-1C6A25E551D7,6AF8DEAA-E5E3-4ABE-8D35-1C6A25E551D7.png,IMG_9755.PNG,2020-07-15T16:43:17-04:00,,,,,,,True,False,False,False,False,False,,,,True,False,public.png,False,False,,True,True,,False,True,False,False,False,False,False,False,False,,,False
BBF8D94B-149C-485D-9A54-DEC386A9817A,BBF8D94B-149C-485D-9A54-DEC386A9817A.png,IMG_9875.PNG,2020-07-19T20:47:13-04:00,,,,,Jeffrey Scudder,,True,False,False,False,False,False,,,,True,False,public.png,False,False,,True,True,,False,True,False,False,False,False,False,False,False,,,False
E9BDB213-1048-4E02-B205-ECD0C30373B6,E9BDB213-1048-4E02-B205-ECD0C30373B6.png,IMG_9876.PNG,2020-07-19T20:47:17-04:00,,,,,Jeffrey Scudder,,True,False,False,False,False,False,,,,True,False,public.png,False,False,,True,True,,False,True,False,False,False,False,False,False,False,,,False
D098C69C-0559-42D1-A396-DCA38B4F987F,D098C69C-0559-42D1-A396-DCA38B4F987F.png,IMG_0068.PNG,2020-07-23T02:10:48-04:00,,,,,,,True,False,False,False,False,False,,,,True,False,public.png,False,False,,True,True,,False,True,False,False,False,False,False,False,False,,,False
2254B54D-838D-43A9-9E17-C2B8A8509B87,2254B54D-838D-43A9-9E17-C2B8A8509B87.png,IMG_0069.PNG,2020-07-23T02:10:59-04:00,,,,,Jeffrey Scudder,,True,False,False,False,False,False,,,,True,False,public.png,False,False,,True,True,,False,True,False,False,False,False,False,False,False,,,False
6E619690-F55F-4BB9-A32B-E69809E13404,6E619690-F55F-4BB9-A32B-E69809E13404.png,IMG_0119.PNG,2020-07-25T14:51:22-04:00,,,,,,,True,False,False,False,False,False,,,,True,False,public.png,False,False,,True,True,,False,True,False,False,False,False,False,False,False,,,False
E942E803-1BC0-42D8-9D9E-9DC7AD3ACB13,E942E803-1BC0-42D8-9D9E-9DC7AD3ACB13.png,IMG_0143.PNG,2020-07-26T16:58:09-04:00,,,,,,,True,False,False,False,False,False,,,,True,False,public.png,False,False,,True,True,,False,True,False,False,False,False,False,False,False,,,False
4461A448-5DE8-4CB8-9A1E-1CFB2D2C3ACA,4461A448-5DE8-4CB8-9A1E-1CFB2D2C3ACA.png,IMG_0144.PNG,2020-07-26T17:00:13-04:00,,,,,,,True,False,False,False,False,False,,,,True,False,public.png,False,False,,True,True,,False,True,False,False,False,False,False,False,False,,,False
DC9CAD82-6837-4351-9EC4-B2850E8D9574,DC9CAD82-6837-4351-9EC4-B2850E8D9574.png,IMG_0150.PNG,2020-07-26T20:30:24-04:00,,,,,,,True,False,False,False,False,False,,,,True,False,public.png,False,False,,True,True,,False,True,False,False,False,False,False,False,False,,,False
E40FA4E8-6B5A-4B76-BF14-8C5708236DF0,E40FA4E8-6B5A-4B76-BF14-8C5708236DF0.png,IMG_0162.PNG,2020-07-27T01:27:34-04:00,,,,,,,True,False,False,False,False,False,,,,True,False,public.png,False,False,,True,True,,False,True,False,False,False,False,False,False,False,,,False
1C1A5B96-8D41-41D1-B657-61D0B94DC291,1C1A5B96-8D41-41D1-B657-61D0B94DC291.png,IMG_9933.PNG,2020-07-27T23:39:08-04:00,,,,,,,True,False,False,False,False,False,,,,True,False,public.png,False,False,,True,True,,False,True,False,False,False,False,False,False,False,,,False
B1862EE8-814F-463F-8966-D48C1DE1481A,B1862EE8-814F-463F-8966-D48C1DE1481A.png,IMG_0317.PNG,2020-07-28T21:44:47-04:00,,,,,,,True,False,False,False,False,False,,,,True,False,public.png,False,False,,True,True,,False,True,False,False,False,False,False,False,False,,,False
09F89D55-6276-4C3C-855A-8C797BCCDF41,09F89D55-6276-4C3C-855A-8C797BCCDF41.png,IMG_0321.PNG,2020-07-28T22:02:49-04:00,,,,,,,True,False,False,False,False,False,,,,True,False,public.png,False,False,,True,True,,False,True,False,False,False,False,False,False,False,,,False
3256611F-545F-473E-9E43-4026AB744235,3256611F-545F-473E-9E43-4026AB744235.png,IMG_0393.PNG,2020-07-30T22:23:48-04:00,,,,,_UNKNOWN_,,True,False,False,False,False,False,,,,True,False,public.png,False,False,,True,True,,False,True,False,False,False,False,False,False,False,,,False
B923A495-186E-489F-BF0D-3F6F6D280D7F,B923A495-186E-489F-BF0D-3F6F6D280D7F.png,IMG_0409.PNG,2020-07-31T06:36:54-04:00,,,,,,,True,False,False,False,False,False,,,,True,False,public.png,False,False,,True,True,,False,True,False,False,False,False,False,False,False,,,False
87C90CD6-6A85-406E-B8F0-AC0FF283C03C,87C90CD6-6A85-406E-B8F0-AC0FF283C03C.png,IMG_0531.PNG,2020-08-05T15:21:30-04:00,,,,,,,True,False,False,False,False,False,,,,True,False,public.png,False,False,,True,True,,False,True,False,False,False,False,False,False,False,,,False
1059E926-39FF-45A3-9071-A462D56D5F18,1059E926-39FF-45A3-9071-A462D56D5F18.png,IMG_0720.PNG,2020-08-17T03:46:39-04:00,,,,,,,True,False,False,False,False,False,,,,True,False,public.png,False,False,,True,True,,False,True,False,False,False,False,False,False,False,,,False
FA996D59-2607-4155-9D3E-8B00636E8330,FA996D59-2607-4155-9D3E-8B00636E8330.png,IMG_0728.PNG,2020-08-17T17:42:39-04:00,,,,,,,True,False,False,False,False,False,,,,True,False,public.png,False,False,,True,True,,False,True,False,False,False,False,False,False,False,,,False
125E17F5-32D4-4B71-99B3-0FBF0C184E85,125E17F5-32D4-4B71-99B3-0FBF0C184E85.png,IMG_0758.PNG,2020-08-19T03:11:10-04:00,,,,,,,True,False,False,False,False,False,,,,True,False,public.png,False,False,,True,True,,False,True,False,False,False,False,False,False,False,,,False
CE55900E-9841-4C78-BE5B-08A733D97AD1,CE55900E-9841-4C78-BE5B-08A733D97AD1.png,IMG_0950.PNG,2020-09-04T13:24:33-04:00,,,,,,,True,False,False,False,False,False,,,,True,False,public.png,False,False,,True,True,,False,True,False,False,False,False,False,False,False,,,False
D6864020-C69F-43F9-976D-189B95A9A8B1,D6864020-C69F-43F9-976D-189B95A9A8B1.png,IMG_0983.PNG,2020-09-05T22:00:59-04:00,,,,,,,True,False,False,False,False,False,,,,True,False,public.png,False,False,,True,True,,False,True,False,False,False,False,False,False,False,,,False
6D53A14F-49B8-4ACB-B7F4-B58FF06E6E61,6D53A14F-49B8-4ACB-B7F4-B58FF06E6E61.png,IMG_1234.PNG,2020-09-19T15:39:16-07:00,,,,,,,True,False,False,False,False,False,,,,True,False,public.png,False,False,,True,True,,False,True,False,False,False,False,False,False,False,,,False
FAE4C404-05E8-428E-9A9D-1E6B98C167C2,FAE4C404-05E8-428E-9A9D-1E6B98C167C2.png,IMG_1235.PNG,2020-09-19T15:39:19-07:00,,,,,,,True,False,False,False,False,False,,,,True,False,public.png,False,False,,True,True,,False,True,False,False,False,False,False,False,False,,,False
57A34AA7-E274-474C-B06A-14D6E68934D6,57A34AA7-E274-474C-B06A-14D6E68934D6.png,IMG_1236.PNG,2020-09-19T15:39:22-07:00,,,,,,,True,False,False,False,False,False,,,,True,False,public.png,False,False,,True,True,,False,True,False,False,False,False,False,False,False,,,False
A98DFA2C-AFB7-41A0-9553-B73FDA121760,A98DFA2C-AFB7-41A0-9553-B73FDA121760.png,IMG_1237.PNG,2020-09-19T15:39:24-07:00,,,,,,,True,False,False,False,False,False,,,,True,False,public.png,False,False,,True,True,,False,True,False,False,False,False,False,False,False,,,False
653BC671-37C8-44A8-BE9D-7C9330BA5CCD,653BC671-37C8-44A8-BE9D-7C9330BA5CCD.png,IMG_1238.PNG,2020-09-19T15:39:27-07:00,,,,,,,True,False,False,False,False,False,,,,True,False,public.png,False,False,,True,True,,False,True,False,False,False,False,False,False,False,,,False
C1AFCDB3-32D3-4E61-A622-95FD2A3339CD,C1AFCDB3-32D3-4E61-A622-95FD2A3339CD.png,IMG_1239.PNG,2020-09-19T15:39:30-07:00,,,,,,,True,False,False,False,False,False,,,,True,False,public.png,False,False,,True,True,,False,True,False,False,False,False,False,False,False,,,False
5F8450DC-2C4D-41E8-980C-75B0C9F7923A,5F8450DC-2C4D-41E8-980C-75B0C9F7923A.png,IMG_1240.PNG,2020-09-19T15:39:33-07:00,,,,,,,True,False,False,False,False,False,,,,True,False,public.png,False,False,,True,True,,False,True,False,False,False,False,False,False,False,,,False
2FB04AE9-5680-4778-B247-CAD472DF49C7,2FB04AE9-5680-4778-B247-CAD472DF49C7.png,IMG_1251.PNG,2020-09-20T18:27:46-07:00,,,,,,,True,False,False,False,False,False,,,,True,False,public.png,False,False,,True,True,,False,True,False,False,False,False,False,False,False,,,False
7E9BBD74-BA39-4BD7-8490-12F5DEE8DE18,7E9BBD74-BA39-4BD7-8490-12F5DEE8DE18.png,IMG_9994.PNG,2020-09-26T19:02:26-07:00,,,,,Jeffrey Scudder,,True,False,False,False,False,False,,,,True,False,public.png,False,False,,True,True,,False,True,False,False,False,False,False,False,False,,,False
37C41775-9BA2-4C94-844A-099B6CEDD8F1,37C41775-9BA2-4C94-844A-099B6CEDD8F1.png,IMG_1385.PNG,2020-09-26T23:17:36-07:00,,,,,,,True,False,False,False,False,False,,,,True,False,public.png,False,False,,True,True,,False,True,False,False,False,False,False,False,False,,,False
F0F0573F-1C1B-4328-AFD0-05FE61C3F4C4,F0F0573F-1C1B-4328-AFD0-05FE61C3F4C4.png,IMG_1386.PNG,2020-09-26T23:17:52-07:00,,,,,,,True,False,False,False,False,False,,,,True,False,public.png,False,False,,True,True,,False,True,False,False,False,False,False,False,False,,,False
2D41F74E-5F29-41F2-AA84-11C2DB9E3CEF,2D41F74E-5F29-41F2-AA84-11C2DB9E3CEF.png,IMG_1387.PNG,2020-09-26T23:18:07-07:00,,,,,,,True,False,False,False,False,False,,,,True,False,public.png,False,False,,True,True,,False,True,False,False,False,False,False,False,False,,,False
F7F70E61-4624-4F49-BB33-7EEFF4F4E6D8,F7F70E61-4624-4F49-BB33-7EEFF4F4E6D8.png,IMG_1390.PNG,2020-09-26T23:27:22-07:00,,,,,,,True,False,False,False,False,False,,,,True,False,public.png,False,False,,True,True,,False,True,False,False,False,False,False,False,False,,,False
64A61B96-0217-486F-98D2-03BD6D535727,64A61B96-0217-486F-98D2-03BD6D535727.png,IMG_1424.PNG,2020-09-29T00:50:54-07:00,,,,,,,True,False,False,False,False,False,,,,True,False,public.png,False,False,,True,True,,False,True,False,False,False,False,False,False,False,,,False
D6F9CDA3-DF0F-4513-AC6E-B4E3ABC5B391,D6F9CDA3-DF0F-4513-AC6E-B4E3ABC5B391.png,IMG_1425.PNG,2020-09-29T00:52:41-07:00,,,,,Jeffrey Scudder,,True,False,False,False,False,False,,,,True,False,public.png,False,False,,True,True,,False,True,False,False,False,False,False,False,False,,,False
880154A7-01D5-4E09-B7B2-5E3F84449FE0,880154A7-01D5-4E09-B7B2-5E3F84449FE0.jpeg,CD7C8FDC-3496-424A-8DA5-6593B6B69009.jpg,2020-10-04T18:49:48.143957-07:00,,,,Instagram,,,True,False,False,False,False,False,,,,True,False,public.jpeg,False,False,,True,True,,False,False,False,False,False,False,False,False,False,,,False
3286DBD4-CB21-49B1-A599-FE2D84EC6660,3286DBD4-CB21-49B1-A599-FE2D84EC6660.png,IMG_1676.PNG,2020-10-08T11:20:12-07:00,,,,,,,True,False,False,False,False,False,,,,True,False,public.png,False,False,,True,True,,False,True,False,False,False,False,False,False,False,,,False
65348A97-26E2-477A-A37A-FC060F03ED56,65348A97-26E2-477A-A37A-FC060F03ED56.png,IMG_1683.PNG,2020-10-08T11:41:59-07:00,,,,,"Jeffrey Scudder, Jeffrey Scudder, _UNKNOWN_, _UNKNOWN_",,True,False,False,False,False,False,,,,True,False,public.png,False,False,,True,True,,False,True,False,False,False,False,False,False,False,,,False
8157FC29-637C-41BC-A593-352973B8B64F,8157FC29-637C-41BC-A593-352973B8B64F.png,IMG_1961.PNG,2020-10-12T21:09:30-07:00,,,,,,,True,False,False,False,False,False,,,,True,False,public.png,False,False,,True,True,,False,True,False,False,False,False,False,False,False,,,False
5BB31A70-DDD1-4AF9-9F35-676F6D53879C,5BB31A70-DDD1-4AF9-9F35-676F6D53879C.png,IMG_1820.PNG,2020-10-14T00:22:12-07:00,,,,,,,True,False,False,False,False,False,,,,True,False,public.png,False,False,,True,True,,False,True,False,False,False,False,False,False,False,,,False
E840F353-CCF2-4D1F-9B67-C5D4B7ABA472,E840F353-CCF2-4D1F-9B67-C5D4B7ABA472.png,IMG_1822.PNG,2020-10-14T12:29:54-07:00,,,,,,,True,False,False,False,False,False,,,,True,False,public.png,False,False,,True,True,,False,True,False,False,False,False,False,False,False,,,False
1F0DE7D8-C6C2-41FD-9A80-ADBA8BEC11C7,1F0DE7D8-C6C2-41FD-9A80-ADBA8BEC11C7.png,IMG_2323.PNG,2020-10-27T19:01:30-07:00,,,,,,,True,False,False,False,False,False,,,,True,False,public.png,False,False,,True,True,,False,True,False,False,False,False,False,False,False,,,False
515AF29F-8B07-4AD8-8DAB-48EE3051ADC1,515AF29F-8B07-4AD8-8DAB-48EE3051ADC1.png,IMG_2391.PNG,2020-11-01T07:10:29-08:00,,,,,,,True,False,False,False,False,False,,,,True,False,public.png,False,False,,True,True,,False,True,False,False,False,False,False,False,False,,,False
343332F6-C18D-47A9-8FE0-07392B0E296C,343332F6-C18D-47A9-8FE0-07392B0E296C.png,IMG_2417.PNG,2020-11-01T16:58:04-08:00,,,,,_UNKNOWN_,,True,False,False,False,False,False,,,,True,False,public.png,False,False,,True,True,,False,True,False,False,False,False,False,False,False,,,False
68B1838C-D781-47FE-B8F4-B382AD4DAEBB,68B1838C-D781-47FE-B8F4-B382AD4DAEBB.png,IMG_2457.PNG,2020-11-03T19:10:02-08:00,,,,,,,True,False,False,False,False,False,,,,True,False,public.png,False,False,,True,True,,False,True,False,False,False,False,False,False,False,,,False
09657449-5BE6-4519-A245-D7D4AF947D82,09657449-5BE6-4519-A245-D7D4AF947D82.png,IMG_2749.PNG,2020-11-14T14:13:34-08:00,,,,,,,True,False,False,False,False,False,,,,True,False,public.png,False,False,,True,True,,False,True,False,False,False,False,False,False,False,,,False
A5507B7C-41A2-41AF-87B5-8AADAE3B088F,A5507B7C-41A2-41AF-87B5-8AADAE3B088F.png,IMG_2779.PNG,2020-11-15T23:32:04-08:00,,,,,,,True,False,False,False,False,False,,,,True,False,public.png,False,False,,True,True,,False,True,False,False,False,False,False,False,False,,,False
1DE89DC8-F0EB-4067-AED5-6DA386AB348C,1DE89DC8-F0EB-4067-AED5-6DA386AB348C.png,IMG_2960.PNG,2020-11-23T22:23:28-08:00,,,,,,,True,False,False,False,False,False,,,,True,False,public.png,False,False,,True,True,,False,True,False,False,False,False,False,False,False,,,False
3336DB5F-17EA-4CEA-A9C6-DC6148BEFDFC,3336DB5F-17EA-4CEA-A9C6-DC6148BEFDFC.png,IMG_2964.PNG,2020-11-23T23:34:53-08:00,,,,,,,True,False,False,False,False,False,,,,True,False,public.png,False,False,,True,True,,False,True,False,False,False,False,False,False,False,,,False
6A12E933-F4CB-4B25-90B4-DCD6A0852A41,6A12E933-F4CB-4B25-90B4-DCD6A0852A41.png,IMG_2991.PNG,2020-11-25T00:55:06-08:00,,,,,,,True,False,False,False,False,False,,,,True,False,public.png,False,False,,True,True,,False,True,False,False,False,False,False,False,False,,,False
99F86FF0-E1C8-42A1-8268-4DA4E604EA6C,99F86FF0-E1C8-42A1-8268-4DA4E604EA6C.png,IMG_3012.PNG,2020-11-26T03:44:12-08:00,,,,,,,True,False,False,False,False,False,,,,True,False,public.png,False,False,,True,True,,False,True,False,False,False,False,False,False,False,,,False
BB2F9CBB-ADE1-4AAF-AB6B-721270CA1205,BB2F9CBB-ADE1-4AAF-AB6B-721270CA1205.png,IMG_3623.PNG,2020-12-10T00:49:58-08:00,,,,,,,True,False,False,False,False,False,,,,True,False,public.png,False,False,,True,True,,False,True,False,False,False,False,False,False,False,,,False
901B0406-019C-48BA-BE92-2216A284AC4C,901B0406-019C-48BA-BE92-2216A284AC4C.png,IMG_3624.PNG,2020-12-10T00:50:05-08:00,,,,,"_UNKNOWN_, _UNKNOWN_, _UNKNOWN_",,True,False,False,False,False,False,,,,True,False,public.png,False,False,,True,True,,False,True,False,False,False,False,False,False,False,,,False
372FFE7A-0343-481F-81F3-78BE31A1F9AA,372FFE7A-0343-481F-81F3-78BE31A1F9AA.png,IMG_3626.PNG,2020-12-10T00:50:50-08:00,,,,,,,True,False,False,False,False,False,,,,True,False,public.png,False,False,,True,True,,False,True,False,False,False,False,False,False,False,,,False
A7A9A4F3-3C96-495E-887C-6B6B8856BC66,A7A9A4F3-3C96-495E-887C-6B6B8856BC66.png,IMG_3627.PNG,2020-12-10T00:51:25-08:00,,,,,,,True,False,False,False,False,False,,,,True,False,public.png,False,False,,True,True,,False,True,False,False,False,False,False,False,False,,,False
BD849EC0-0F41-4009-AA9B-005C67F56D63,BD849EC0-0F41-4009-AA9B-005C67F56D63.png,IMG_3628.PNG,2020-12-10T00:51:30-08:00,,,,,,,True,False,False,False,False,False,,,,True,False,public.png,False,False,,True,True,,False,True,False,False,False,False,False,False,False,,,False
6987EF9D-9471-4CE4-A1F3-43A47A05F81A,6987EF9D-9471-4CE4-A1F3-43A47A05F81A.png,IMG_3631.PNG,2020-12-10T11:40:11-08:00,,,,,,,True,False,False,False,False,False,,,,True,False,public.png,False,False,,True,True,,False,True,False,False,False,False,False,False,False,,,False
1E5255D6-9CAB-4C30-9A17-4DDE2237F1AF,1E5255D6-9CAB-4C30-9A17-4DDE2237F1AF.png,IMG_3689.PNG,2020-12-14T11:48:17-08:00,,,,,,,True,False,False,False,False,False,,,,True,False,public.png,False,False,,True,True,,False,True,False,False,False,False,False,False,False,,,False
1FF986FD-942C-42E8-AFAD-7B1D89E6250C,1FF986FD-942C-42E8-AFAD-7B1D89E6250C.jpeg,F72B518B-E258-4005-8DB1-61E2B2D9B92B.jpg,2020-12-18T17:36:34.284165-08:00,,,,Instagram,,,True,False,False,False,False,False,,,,True,False,public.jpeg,False,False,,True,True,,False,False,False,False,False,False,False,False,False,,,False
812B0096-DA33-45B1-8549-0BDCA5D2A03C,812B0096-DA33-45B1-8549-0BDCA5D2A03C.png,IMG_3899.PNG,2020-12-23T11:35:09-08:00,,,,,,,True,False,False,False,False,False,,,,True,False,public.png,False,False,,True,True,,False,True,False,False,False,False,False,False,False,,,False
D8A758AA-2C54-483D-93E1-FB2C50321D7B,D8A758AA-2C54-483D-93E1-FB2C50321D7B.png,IMG_3957.PNG,2020-12-27T00:02:50-08:00,,,,,,,True,False,False,False,False,False,,,,True,False,public.png,False,False,,True,True,,False,True,False,False,False,False,False,False,False,,,False
55E0476D-9F3D-46CF-9690-6540A140393C,55E0476D-9F3D-46CF-9690-6540A140393C.png,IMG_4315.PNG,2021-01-21T19:51:41-08:00,,,,,,,True,False,False,False,False,False,,,,True,False,public.png,False,False,,True,True,,False,True,False,False,False,False,False,False,False,,,False
3D717B2F-C77E-47F0-ABCA-C308E0558D52,3D717B2F-C77E-47F0-ABCA-C308E0558D52.png,IMG_4409.PNG,2021-01-27T13:32:08-08:00,,,,,_UNKNOWN_,,True,False,False,False,False,False,,,,True,False,public.png,False,False,,True,True,,False,True,False,False,False,False,False,False,False,,,False
84C77DBC-340C-442C-A562-E6D9B48AFC45,84C77DBC-340C-442C-A562-E6D9B48AFC45.png,IMG_4508.PNG,2021-02-01T17:37:13-08:00,,,,,,,True,False,False,False,False,False,,,,True,False,public.png,False,False,,True,True,,False,True,False,False,False,False,False,False,False,,,False
FEB1E2C2-9E96-42D0-B984-7CDC6120B9E5,FEB1E2C2-9E96-42D0-B984-7CDC6120B9E5.png,IMG_4511.PNG,2021-02-01T20:49:38-08:00,,,,,_UNKNOWN_,,True,False,False,False,False,False,,,,True,False,public.png,False,False,,True,True,,False,True,False,False,False,False,False,False,False,,,False
113A59BF-EA08-4573-BF99-EC754E63386F,113A59BF-EA08-4573-BF99-EC754E63386F.png,IMG_4537.PNG,2021-02-03T11:48:25-08:00,,,,,Jeffrey Scudder,,True,False,False,False,False,False,,,,True,False,public.png,False,False,,True,True,,False,True,False,False,False,False,False,False,False,,,False
6C9F8BBE-2A45-401E-90CE-0560E895BD9E,6C9F8BBE-2A45-401E-90CE-0560E895BD9E.png,IMG_4542.PNG,2021-02-03T23:54:16-08:00,,,,,,,True,False,False,False,False,False,,,,True,False,public.png,False,False,,True,True,,False,True,False,False,False,False,False,False,False,,,False
999498A4-C102-4377-909E-9CE9AFBAD7C4,999498A4-C102-4377-909E-9CE9AFBAD7C4.png,IMG_4570.PNG,2021-02-05T21:30:21-08:00,,,,,,,True,False,False,False,False,False,,,,True,False,public.png,False,False,,True,True,,False,True,False,False,False,False,False,False,False,,,False
79BBFCF7-AD14-4F95-BAE9-A33FF7AC43B8,79BBFCF7-AD14-4F95-BAE9-A33FF7AC43B8.png,IMG_4668.PNG,2021-02-12T01:01:47-08:00,,,,,,,True,False,False,False,False,False,,,,True,False,public.png,False,False,,True,True,,False,True,False,False,False,False,False,False,False,,,False
E6AE6342-BBBD-4F04-86B6-B8DD95430161,E6AE6342-BBBD-4F04-86B6-B8DD95430161.jpeg,2E2616F0-C0B6-4922-A7D2-D2A4E3AB5039.jpeg,2021-02-15T12:41:44-08:00,"{""subsource"":""done_button"",""uid"":""412F9C1D-A4F6-4B2F-99D7-7B8FEBBAEFA7_1613421541952"",""source"":""other"",""origin"":""gallery"",""source_sid"":""412F9C1D-A4F6-4B2F-99D7-7B8FEBBAEFA7_1613421541971""}",,,PicsArt,,,True,False,False,False,False,False,,,,True,False,public.jpeg,False,False,,True,True,,False,False,False,False,False,False,False,False,False,,,False
1CB95F0D-81E4-4635-947C-4E35F0007706,1CB95F0D-81E4-4635-947C-4E35F0007706.jpeg,AA45595C-992F-4D66-AAA5-D7A88BD93936.jpg,2021-02-15T12:41:44-08:00,"{""subsource"":""done_button"",""uid"":""412F9C1D-A4F6-4B2F-99D7-7B8FEBBAEFA7_1613421541952"",""source"":""other"",""origin"":""gallery"",""source_sid"":""412F9C1D-A4F6-4B2F-99D7-7B8FEBBAEFA7_1613421541971""}",,,Instagram,,,True,False,False,False,False,False,42.197844999999994,-122.70937167,,True,False,public.jpeg,False,False,,True,True,,False,False,False,False,False,False,False,False,False,,,False
DA445279-6DAF-4D9E-885E-1A4FA75BE46F,DA445279-6DAF-4D9E-885E-1A4FA75BE46F.jpeg,27A9F0B6-C443-4117-96BF-DB6EE855B83D.jpeg,2021-02-19T14:46:20.895011-08:00,"{""subsource"":""done_button"",""uid"":""412F9C1D-A4F6-4B2F-99D7-7B8FEBBAEFA7_1613774665701"",""source"":""other"",""origin"":""gallery"",""source_sid"":""412F9C1D-A4F6-4B2F-99D7-7B8FEBBAEFA7_1613774665721""}",,,PicsArt,,,True,False,False,False,False,False,,,,True,False,public.jpeg,False,False,,True,True,,False,False,False,False,False,False,False,False,False,,,False
D55A1980-3071-474B-AA98-7EF375986148,D55A1980-3071-474B-AA98-7EF375986148.jpeg,BA794BB9-6540-4D33-AF02-D9B779F520FC.jpg,2021-02-19T14:47:19.430463-08:00,"{""subsource"":""done_button"",""uid"":""412F9C1D-A4F6-4B2F-99D7-7B8FEBBAEFA7_1613774665701"",""source"":""other"",""origin"":""gallery"",""source_sid"":""412F9C1D-A4F6-4B2F-99D7-7B8FEBBAEFA7_1613774665721""}",,,Instagram,,,True,False,False,False,False,False,42.19799667000001,-122.70969667000001,,True,False,public.jpeg,False,False,,True,True,,False,False,False,False,False,False,False,False,False,,,False
8295F65E-3E39-4B3D-84BC-6F3350CC14FE,8295F65E-3E39-4B3D-84BC-6F3350CC14FE.jpeg,ED6F36AB-706F-42E1-A76E-3E149A35D265.jpg,2021-02-19T14:50:23.789451-08:00,,,,Instagram,,,True,False,False,False,False,False,,,,True,False,public.jpeg,False,False,,True,True,,False,False,False,False,False,False,False,False,False,,,False
F14CA652-F620-4F09-A2E8-B196B1E1A1C4,F14CA652-F620-4F09-A2E8-B196B1E1A1C4.png,IMG_4827.PNG,2021-02-19T20:14:42-08:00,,,,,,,True,False,False,False,False,False,,,,True,False,public.png,False,False,,True,True,,False,True,False,False,False,False,False,False,False,,,False
18680AD0-2BE6-487A-9E48-830671104328,18680AD0-2BE6-487A-9E48-830671104328.png,IMG_4828.PNG,2021-02-19T20:14:56-08:00,,,,,,,True,False,False,False,False,False,,,,True,False,public.png,False,False,,True,True,,False,True,False,False,False,False,False,False,False,,,False
26C4592B-142D-4CB8-AB41-FD38BB84261C,26C4592B-142D-4CB8-AB41-FD38BB84261C.png,IMG_4862.PNG,2021-02-20T23:43:34-08:00,,,,,"_UNKNOWN_, _UNKNOWN_",,True,False,False,False,False,False,,,,True,False,public.png,False,False,,True,True,,False,True,False,False,False,False,False,False,False,,,False
2A40F14A-078D-428B-A046-758258E32075,2A40F14A-078D-428B-A046-758258E32075.png,IMG_4863.PNG,2021-02-21T01:59:15-08:00,,,,,_UNKNOWN_,,True,False,False,False,False,False,,,,True,False,public.png,False,False,,True,True,,False,True,False,False,False,False,False,False,False,,,False
8D3BF48D-8930-4072-BC2F-541BB875D4BB,8D3BF48D-8930-4072-BC2F-541BB875D4BB.png,IMG_4937.PNG,2021-02-25T22:52:14-08:00,,,,,,,True,False,False,False,False,False,,,,True,False,public.png,False,False,,True,True,,False,True,False,False,False,False,False,False,False,,,False
AF3412D9-A6E6-4902-B6E3-B469B6BF0CFB,AF3412D9-A6E6-4902-B6E3-B469B6BF0CFB.heic,63626794657__74FCE0AA-A5E8-41A3-BF5A-CE58169ACA12.HEIC,2021-02-28T21:05:46.553000-08:00,,,,,,,True,False,False,False,False,False,,,,True,False,public.heic,False,False,,True,True,,False,False,False,False,False,False,False,False,False,,,False
A1CEB465-0504-4762-BA3B-7DA2FA23EC54,A1CEB465-0504-4762-BA3B-7DA2FA23EC54.png,IMG_5042.PNG,2021-03-02T00:51:46-08:00,,,,,,,True,False,False,False,False,False,,,,True,False,public.png,False,False,,True,True,,False,True,False,False,False,False,False,False,False,,,False
D67BFFB4-77D0-468C-96C5-331D4925677C,D67BFFB4-77D0-468C-96C5-331D4925677C.png,IMG_5282.PNG,2021-03-12T11:28:32-08:00,,,,,,,True,False,False,False,False,False,,,,True,False,public.png,False,False,,True,True,,False,True,False,False,False,False,False,False,False,,,False
3A0828DF-F734-4322-B772-1D32D649F651,3A0828DF-F734-4322-B772-1D32D649F651.png,IMG_5493.PNG,2021-03-16T20:46:42-07:00,,,,,,,True,False,False,False,False,False,,,,True,False,public.png,False,False,,True,True,,False,True,False,False,False,False,False,False,False,,,False
6B616548-07F0-43F8-AF14-160B22F02573,6B616548-07F0-43F8-AF14-160B22F02573.png,IMG_5494.PNG,2021-03-16T20:46:53-07:00,,,,,,,True,False,False,False,False,False,,,,True,False,public.png,False,False,,True,True,,False,True,False,False,False,False,False,False,False,,,False
AA8251C4-E8FD-4547-9954-8F37A2323F7D,AA8251C4-E8FD-4547-9954-8F37A2323F7D.jpeg,5F1CA93A-9507-49D1-883A-660149E91193.jpg,2021-03-17T11:51:39.534472-07:00,,,,Instagram,Jeffrey Scudder,,True,False,False,False,False,False,,,,True,False,public.jpeg,False,False,,True,True,,False,False,False,False,False,False,False,False,False,,,False
421FC64B-6AE8-494D-BFB7-BE8EDCBFAE00,421FC64B-6AE8-494D-BFB7-BE8EDCBFAE00.jpeg,24408DD1-14BF-4325-9003-5D62B8809D97.jpg,2021-03-18T03:41:05.241061-07:00,,,,Instagram,,,True,False,False,False,False,False,,,,True,False,public.jpeg,False,False,,True,True,,False,False,False,False,False,False,False,False,False,,,False
29C4C9FF-9860-4068-8835-A22AC1625386,29C4C9FF-9860-4068-8835-A22AC1625386.jpeg,CA338560-DF87-4F4A-B219-63B34FFE170A.jpg,2021-03-18T03:42:52.028137-07:00,,,,Instagram,,,True,False,False,False,False,False,,,,True,False,public.jpeg,False,False,,True,True,,False,False,False,False,False,False,False,False,False,,,False
5524C2DD-0D06-4BDD-8B40-3FF0DAC7E82B,5524C2DD-0D06-4BDD-8B40-3FF0DAC7E82B.jpeg,F5CCD02C-C297-4C89-91E9-5CA9E4B099F2.jpg,2021-03-20T12:35:05-07:00,,,,Instagram,,,True,False,False,False,False,False,42.197905000000006,-122.70973000000001,,True,False,public.jpeg,False,False,,True,True,,False,False,False,False,False,False,False,False,False,,,False
DCDCF562-B132-4C74-BA68-B71409959092,DCDCF562-B132-4C74-BA68-B71409959092.png,IMG_5694.PNG,2021-03-22T15:10:19-07:00,,,,,,,True,False,False,False,False,False,,,,True,False,public.png,False,False,,True,True,,False,True,False,False,False,False,False,False,False,,,False
B79351FD-4B3A-453A-AD00-3F371C81F022,B79351FD-4B3A-453A-AD00-3F371C81F022.jpeg,IMG_5888.JPG,2021-03-27T21:37:20-07:00,,,,,,,True,False,False,False,False,False,,,,True,False,public.jpeg,False,False,,True,True,,False,True,False,False,False,False,False,False,False,,,False
CD1BA1CF-AB51-4A5F-9812-03FC037A34B5,CD1BA1CF-AB51-4A5F-9812-03FC037A34B5.jpeg,IMG_5887.JPG,2021-03-27T21:48:10-07:00,,,,,,,True,False,False,False,False,False,,,,True,False,public.jpeg,False,False,,True,True,,False,True,False,False,False,False,False,False,False,,,False
C36C651B-A251-4C1C-A39C-FEA7F6B77326,C36C651B-A251-4C1C-A39C-FEA7F6B77326.jpeg,IMG_5886.JPG,2021-03-27T21:49:41-07:00,,,,,,,True,False,False,False,False,False,,,,True,False,public.jpeg,False,False,,True,True,,False,True,False,False,False,False,False,False,False,,,False
D04B5C40-4D0F-406D-BCA1-057EE4172531,D04B5C40-4D0F-406D-BCA1-057EE4172531.jpeg,IMG_5885.JPG,2021-03-27T22:07:01-07:00,,,,,,,True,False,False,False,False,False,,,,True,False,public.jpeg,False,False,,True,True,,False,True,False,False,False,False,False,False,False,,,False
DA23C3A8-1D69-4E1E-9EAB-49B79A6750CC,DA23C3A8-1D69-4E1E-9EAB-49B79A6750CC.png,IMG_5988.PNG,2021-03-31T10:17:40-08:00,,,,,"_UNKNOWN_, _UNKNOWN_, _UNKNOWN_",,True,False,False,False,False,False,,,,True,False,public.png,False,False,,True,True,,False,True,False,False,False,False,False,False,False,,,False
C1662346-9CA4-46ED-9898-6E0EC4B7493E,C1662346-9CA4-46ED-9898-6E0EC4B7493E.png,IMG_6965.PNG,2021-05-06T01:02:01-07:00,,,,,,,True,False,False,False,False,False,,,,True,False,public.png,False,False,,True,True,,False,True,False,False,False,False,False,False,False,,,False
01067255-61C4-4EC3-BA9C-9960ED3BF97F,01067255-61C4-4EC3-BA9C-9960ED3BF97F.jpeg,AB108D25-B3C7-4370-A8DC-44EEDEC11FEB.jpg,2021-05-19T00:45:51.915858-07:00,,,,Instagram,,,True,False,False,False,False,False,42.197786670000006,-122.7095,,True,False,public.jpeg,False,False,,True,True,,False,False,False,False,False,False,False,False,False,,,False
4D75B783-3615-45A9-B3B5-8B6BDE6F9295,4D75B783-3615-45A9-B3B5-8B6BDE6F9295.png,IMG_8177.PNG,2021-07-08T18:12:52-07:00,,,,,,,True,False,False,False,False,False,,,,True,False,public.png,False,False,,True,True,,False,True,False,False,False,False,False,False,False,,,False
9685010B-254A-43B3-9F2A-A95B6525BA54,9685010B-254A-43B3-9F2A-A95B6525BA54.png,IMG_8178.PNG,2021-07-08T18:12:54-07:00,,,,,,,True,False,False,False,False,False,,,,True,False,public.png,False,False,,True,True,,False,True,False,False,False,False,False,False,False,,,False
9DA9D551-DFF9-4A04-8614-A4F84A13E608,9DA9D551-DFF9-4A04-8614-A4F84A13E608.png,IMG_8485.PNG,2021-07-20T14:24:33-07:00,,,,,,,True,False,False,False,False,False,,,,True,False,public.png,False,False,,True,True,,False,True,False,False,False,False,False,False,False,,,False
B8EC0B1E-059B-4378-ACCB-F4F56226E106,B8EC0B1E-059B-4378-ACCB-F4F56226E106.jpeg,8CE749A8-1C4F-4D6C-8D31-CE5649527BB2.jpg,2021-07-23T21:37:07.998952-07:00,,,,Instagram,,,True,False,False,False,False,False,,,,True,False,public.jpeg,False,False,,True,True,,False,False,False,False,False,False,False,False,False,,,False
62991490-8628-48CB-8BA9-B41482790B88,62991490-8628-48CB-8BA9-B41482790B88.png,IMG_8676.PNG,2021-07-24T23:53:03-07:00,,,,,,,True,False,False,False,False,False,,,,True,False,public.png,False,False,,True,True,,False,True,False,False,False,False,False,False,False,,,False
4A91727B-7AFE-453E-899D-B99EB2083968,4A91727B-7AFE-453E-899D-B99EB2083968.png,IMG_8757.PNG,2021-07-30T01:57:00-07:00,,,,,,,True,False,False,False,False,False,,,,True,False,public.png,False,False,,True,True,,False,True,False,False,False,False,False,False,False,,,False
92D00C9B-84A1-4ABC-B329-3087A8077C5F,92D00C9B-84A1-4ABC-B329-3087A8077C5F.png,IMG_8840.PNG,2021-08-01T16:59:21-07:00,,,,,,,True,False,False,False,False,False,,,,True,False,public.png,False,False,,True,True,,False,True,False,False,False,False,False,False,False,,,False
0988B34C-985D-4193-B78E-5A3CD6129F3B,0988B34C-985D-4193-B78E-5A3CD6129F3B.heic,65024446275__C3BEE45B-D4CD-4163-A430-FC47047CC327.HEIC,2021-08-09T16:27:42.736000-07:00,,,,,,,True,False,False,False,False,False,,,,True,False,public.heic,False,False,,True,True,,False,False,False,False,False,False,False,False,False,,,False
864D0428-B3FF-46F3-8148-6BB92B94CB25,864D0428-B3FF-46F3-8148-6BB92B94CB25.heic,65024460349__81D02099-45B4-4A6C-B7A3-D9D3F6A58D37.HEIC,2021-08-09T16:30:03.479000-07:00,,,,,,,True,False,False,False,False,False,,,,True,False,public.heic,False,False,,True,True,,False,False,False,False,False,False,False,False,False,,,False
AE6835F9-B7D7-42EB-B710-FC0FF4D5FA7A,AE6835F9-B7D7-42EB-B710-FC0FF4D5FA7A.png,IMG_9055.PNG,2021-08-09T16:41:15-07:00,,,,,,,True,False,False,False,False,False,,,,True,False,public.png,False,False,,True,True,,False,True,False,False,False,False,False,False,False,,,False
D3176C77-7F87-4929-8D6C-33C95F23AC62,D3176C77-7F87-4929-8D6C-33C95F23AC62.png,IMG_9990.PNG,2021-09-09T13:52:27+02:00,,,,,,,True,False,False,False,False,False,,,,True,False,public.png,False,False,,True,True,,False,True,False,False,False,False,False,False,False,,,False
A126E0B3-4A7C-484F-A07C-4913A11D9D76,A126E0B3-4A7C-484F-A07C-4913A11D9D76.png,IMG_0241.PNG,2021-09-16T22:21:21+02:00,,,,,,,True,False,False,False,False,False,,,,True,False,public.png,False,False,,True,True,,False,True,False,False,False,False,False,False,False,,,False
0EFF52AF-89D8-4FD6-BE6D-27EF2757857F,0EFF52AF-89D8-4FD6-BE6D-27EF2757857F.png,IMG_0243.PNG,2021-09-16T22:21:41+02:00,,,,,,,True,False,False,False,False,False,,,,True,False,public.png,False,False,,True,True,,False,True,False,False,False,False,False,False,False,,,False
C117DA6A-B981-4928-9468-773621AAE518,C117DA6A-B981-4928-9468-773621AAE518.png,IMG_0244.PNG,2021-09-16T22:23:44+02:00,,,,,,,True,False,False,False,False,False,,,,True,False,public.png,False,False,,True,True,,False,True,False,False,False,False,False,False,False,,,False
6028116B-A7CF-4711-BCBE-95A5EFA8B6B9,6028116B-A7CF-4711-BCBE-95A5EFA8B6B9.png,IMG_0245.PNG,2021-09-16T22:23:49+02:00,,,,,,,True,False,False,False,False,False,,,,True,False,public.png,False,False,,True,True,,False,True,False,False,False,False,False,False,False,,,False
4DBBA1A9-CEB2-41F3-89C8-A784948773DB,4DBBA1A9-CEB2-41F3-89C8-A784948773DB.png,IMG_0624.PNG,2021-10-05T14:51:14-04:00,,,,,,,True,False,False,False,False,False,,,,True,False,public.png,False,False,,True,True,,False,True,False,False,False,False,False,False,False,,,False
2A566451-917C-4EB8-A775-10CFA50E8182,2A566451-917C-4EB8-A775-10CFA50E8182.png,IMG_0639.PNG,2021-10-06T15:52:25-04:00,,,,,,,True,False,False,False,False,False,,,,True,False,public.png,False,False,,True,True,,False,True,False,False,False,False,False,False,False,,,False
BD35D748-8461-4679-83DB-FB546A55AC4B,BD35D748-8461-4679-83DB-FB546A55AC4B.png,IMG_0720.PNG,2021-10-08T20:45:23-04:00,,,,,Jeffrey Scudder,,True,False,False,False,False,False,,,,True,False,public.png,False,False,,True,True,,False,True,False,False,False,False,False,False,False,,,False
4737D22D-0A4A-44D6-BBA8-7E1348133A5D,4737D22D-0A4A-44D6-BBA8-7E1348133A5D.png,IMG_0738.PNG,2021-10-09T03:56:15-04:00,,,,,,,True,False,False,False,False,False,,,,True,False,public.png,False,False,,True,True,,False,True,False,False,False,False,False,False,False,,,False
03C80E25-D5D3-47F8-A7C5-04EF67DCDA67,03C80E25-D5D3-47F8-A7C5-04EF67DCDA67.png,IMG_0785.PNG,2021-10-09T20:36:19-04:00,,,,,,,True,False,False,False,False,False,,,,True,False,public.png,False,False,,True,True,,False,True,False,False,False,False,False,False,False,,,False
2101D57A-497E-4C24-A940-3044760D882D,2101D57A-497E-4C24-A940-3044760D882D.png,IMG_0786.PNG,2021-10-09T20:36:39-04:00,,,,,,,True,False,False,False,False,False,,,,True,False,public.png,False,False,,True,True,,False,True,False,False,False,False,False,False,False,,,False
09A70CB3-7BF9-4B6E-B4E7-224D74B0EE13,09A70CB3-7BF9-4B6E-B4E7-224D74B0EE13.png,IMG_0852.PNG,2021-10-10T14:20:33-04:00,,,,,,,True,False,False,False,False,False,,,,True,False,public.png,False,False,,True,True,,False,True,False,False,False,False,False,False,False,,,False
76C067FB-C768-40E8-A973-B5ED5EFE597F,76C067FB-C768-40E8-A973-B5ED5EFE597F.png,IMG_1048.PNG,2021-10-22T01:20:04-04:00,,,,,,,True,False,False,False,False,False,,,,True,False,public.png,False,False,,True,True,,False,True,False,False,False,False,False,False,False,,,False
FD42DDC1-59D1-4D21-BA98-6BC95F77AA0F,FD42DDC1-59D1-4D21-BA98-6BC95F77AA0F.png,IMG_1074.PNG,2021-10-24T02:12:34-04:00,,,,,,,True,False,False,False,False,False,,,,True,False,public.png,False,False,,True,True,,False,True,False,False,False,False,False,False,False,,,False
C380B187-6C24-4DB9-A704-210A58003638,C380B187-6C24-4DB9-A704-210A58003638.png,IMG_1634.PNG,2021-12-15T12:03:41-08:00,,,,,,,True,False,False,False,False,False,,,,True,False,public.png,False,False,,True,True,,False,True,False,False,False,False,False,False,False,,,False
E493A29B-46D6-4ED0-8D22-10A6023E1560,E493A29B-46D6-4ED0-8D22-10A6023E1560.png,IMG_1635.PNG,2021-12-15T12:04:18-08:00,,,,,,,True,False,False,False,False,False,,,,True,False,public.png,False,False,,True,True,,False,True,False,False,False,False,False,False,False,,,False
50EFA446-603D-42A5-8215-7A0FE117B4EB,50EFA446-603D-42A5-8215-7A0FE117B4EB.png,IMG_1938.PNG,2022-02-07T18:20:49-08:00,,,,,,,True,False,False,False,False,False,,,,True,False,public.png,False,False,,True,True,,False,True,False,False,False,False,False,False,False,,,False
3DEA9C28-0676-4CFD-B66A-4ECC274BBE1F,3DEA9C28-0676-4CFD-B66A-4ECC274BBE1F.png,IMG_2538.PNG,2022-03-07T22:54:49-08:00,,,,,,,True,False,False,False,False,False,,,,True,False,public.png,False,False,,True,True,,False,True,False,False,False,False,False,False,False,,,False
2E714855-B0B5-435D-A7EA-42661B14E1F2,2E714855-B0B5-435D-A7EA-42661B14E1F2.jpeg,7D6D0C50-1D93-4478-B605-1EA0F91E9B66.jpg,2022-03-07T23:09:50.604921-08:00,,,,Instagram,,,True,False,False,False,False,False,,,,True,False,public.jpeg,False,False,,True,True,,False,False,False,False,False,False,False,False,False,,,False
94A61855-F957-488B-853C-1008B3F8CE6A,94A61855-F957-488B-853C-1008B3F8CE6A.heic,IMG_2732.HEIC,2022-03-11T12:55:48.957176-08:00,,,,Screenshots,,,True,False,False,False,False,False,42.197966666666666,-122.70950333333333,,True,False,public.heic,False,False,,True,True,,False,False,False,False,False,False,False,False,False,,,False
17C4AF7C-ED99-4975-B0B6-E60C12013956,17C4AF7C-ED99-4975-B0B6-E60C12013956.png,IMG_3013.PNG,2022-03-29T02:13:20-07:00,,,,,,,True,False,False,False,False,False,,,,True,False,public.png,False,False,,True,True,,False,True,False,False,False,False,False,False,False,,,False
AE4D9C2C-E1A4-477F-B764-C2456ABB8EAB,AE4D9C2C-E1A4-477F-B764-C2456ABB8EAB.png,IMG_3034.PNG,2022-03-29T16:36:14-07:00,,,,,,,True,False,False,False,False,False,,,,True,False,public.png,False,False,,True,True,,False,True,False,False,False,False,False,False,False,,,False
6E681A10-817B-44C1-B66D-941D0D32CA48,6E681A10-817B-44C1-B66D-941D0D32CA48.png,IMG_3040.PNG,2022-03-29T23:17:11-07:00,,,,,,,True,False,False,False,False,False,,,,True,False,public.png,False,False,,True,True,,False,True,False,False,False,False,False,False,False,,,False
932F405F-4494-4946-AD7A-D5F9ED1B5AED,932F405F-4494-4946-AD7A-D5F9ED1B5AED.png,IMG_3095.PNG,2022-04-03T16:47:54-07:00,,,,,,,True,False,False,False,False,False,,,,True,False,public.png,False,False,,True,True,,False,True,False,False,False,False,False,False,False,,,False
D8AC3AAD-5CBA-40B6-9F7B-30DA02F7E541,D8AC3AAD-5CBA-40B6-9F7B-30DA02F7E541.jpeg,361426A8-D6F3-44A5-8DDD-866771BF5D95.jpg,2022-04-03T16:54:10.326616-07:00,,,,Instagram,,,True,False,False,False,False,False,,,,True,False,public.jpeg,False,False,,True,True,,False,False,False,False,False,False,False,False,False,,,False
3361A35D-AACF-43EE-90A8-E4BDA718B4CE,3361A35D-AACF-43EE-90A8-E4BDA718B4CE.png,IMG_3123.PNG,2022-04-07T12:19:24-07:00,,,,,,,True,False,False,False,False,False,,,,True,False,public.png,False,False,,True,True,,False,True,False,False,False,False,False,False,False,,,False
11E08966-7B27-47CA-8682-361D560DB56E,11E08966-7B27-47CA-8682-361D560DB56E.png,IMG_3283.PNG,2022-04-12T19:18:02-07:00,,,,,,,True,False,False,False,False,False,,,,True,False,public.png,False,False,,True,True,,False,True,False,False,False,False,False,False,False,,,False
6A477DF6-A6A0-4021-96B8-89D68565E049,6A477DF6-A6A0-4021-96B8-89D68565E049.heic,67201159470__938B25F0-40C1-487A-AE88-02EBD8947E5A.HEIC,2022-04-18T14:53:14.654000-07:00,,,,Screenshots,,,True,False,False,False,False,False,,,,True,False,public.heic,False,False,,True,True,,False,False,False,False,False,False,False,False,False,,,False
19EF6209-706F-4F3C-9A50-FDE30D833FF3,19EF6209-706F-4F3C-9A50-FDE30D833FF3.jpeg,P2-A.jpg,2022-04-23T18:28:40-07:00,,,,,,,True,False,False,False,False,False,,,,True,False,public.jpeg,False,False,,True,True,,False,False,False,False,False,False,False,False,False,,,False
F07C4CFD-51B2-48A7-A7D4-0F632A946D9E,F07C4CFD-51B2-48A7-A7D4-0F632A946D9E.jpeg,P2-B.jpg,2022-04-23T18:28:40-07:00,,,,,,,True,False,False,False,False,False,,,,True,False,public.jpeg,False,False,,True,True,,False,False,False,False,False,False,False,False,False,,,False
AABA0DDF-1262-4BF3-BD75-F5223DA32138,AABA0DDF-1262-4BF3-BD75-F5223DA32138.jpeg,P2-C.jpg,2022-04-23T18:28:40-07:00,,,,,,,True,False,False,False,False,False,,,,True,False,public.jpeg,False,False,,True,True,,False,False,False,False,False,False,False,False,False,,,False
9D8F5DFD-CC76-4249-A7FB-0787911F32EE,9D8F5DFD-CC76-4249-A7FB-0787911F32EE.jpeg,FD58BE72-C37B-4CD5-90DE-5E4DE5CACE8A.jpg,2022-04-23T18:36:49.821016-07:00,,,,Instagram,,,True,False,False,False,False,False,,,,True,False,public.jpeg,False,False,,True,True,,False,False,False,False,False,False,False,False,False,,,False
E530321F-EE72-4EA8-9682-CDDD20B0784E,E530321F-EE72-4EA8-9682-CDDD20B0784E.jpeg,C84C738A-92A0-4B1C-90C6-018E6835C228.jpg,2022-04-23T18:36:50.054397-07:00,,,,Instagram,,,True,False,False,False,False,False,,,,True,False,public.jpeg,False,False,,True,True,,False,False,False,False,False,False,False,False,False,,,False
43EA6200-5D6E-406A-9840-E48E8BAA7E09,43EA6200-5D6E-406A-9840-E48E8BAA7E09.jpeg,331FA429-B30B-4010-A5CB-397BD18E5B5D.jpg,2022-04-23T18:36:50.131042-07:00,,,,Instagram,,,True,False,False,False,False,False,,,,True,False,public.jpeg,False,False,,True,True,,False,False,False,False,False,False,False,False,False,,,False
7AA670C5-496A-4761-9F40-4EBDAE82F393,7AA670C5-496A-4761-9F40-4EBDAE82F393.png,IMG_3944.PNG,2022-04-25T02:48:55-07:00,,,,,,,True,False,False,False,False,False,,,,True,False,public.png,False,False,,True,True,,False,True,False,False,False,False,False,False,False,,,False
AC0F3476-F883-428E-822A-9A5F9D97782A,AC0F3476-F883-428E-822A-9A5F9D97782A.jpeg,9F3A8C12-ADE9-4447-8C36-122AB0475EFB.jpg,2022-04-25T02:51:49.934596-07:00,,,,Instagram,,,True,False,False,False,False,False,,,,True,False,public.jpeg,False,False,,True,True,,False,False,False,False,False,False,False,False,False,,,False
18D3FE91-7F53-4615-AE32-F8C2C914ED44,18D3FE91-7F53-4615-AE32-F8C2C914ED44.png,IMG_3987.PNG,2022-05-01T21:48:12-07:00,,,,,,,True,False,False,False,False,False,,,,True,False,public.png,False,False,,True,True,,False,True,False,False,False,False,False,False,False,,,False
18515F1A-A23B-44C4-AAFA-02D27C57AA02,18515F1A-A23B-44C4-AAFA-02D27C57AA02.png,IMG_3997.PNG,2022-05-03T14:04:28-07:00,,,,,,,True,False,False,False,False,False,,,,True,False,public.png,False,False,,True,True,,False,True,False,False,False,False,False,False,False,,,False
D330CBFB-4FF8-40E5-95BF-EE87E522C490,D330CBFB-4FF8-40E5-95BF-EE87E522C490.png,IMG_4104.PNG,2022-05-09T11:56:13-07:00,,,,,,,True,False,False,False,False,False,,,,True,False,public.png,False,False,,True,True,,False,True,False,False,False,False,False,False,False,,,False
03BDD448-BC7F-441C-9147-59C202C512DA,03BDD448-BC7F-441C-9147-59C202C512DA.png,IMG_4105.PNG,2022-05-09T11:56:44-07:00,,,,,,,True,False,False,False,False,False,,,,True,False,public.png,False,False,,True,True,,False,True,False,False,False,False,False,False,False,,,False
504ADD7F-9B0E-4211-BD6E-5F69CA42E674,504ADD7F-9B0E-4211-BD6E-5F69CA42E674.png,IMG_4109.PNG,2022-05-09T11:58:19-07:00,,,,,,,True,False,False,False,False,False,,,,True,False,public.png,False,False,,True,True,,False,True,False,False,False,False,False,False,False,,,False
686DB439-EE60-4656-89D4-A334124C3C33,686DB439-EE60-4656-89D4-A334124C3C33.png,IMG_4111.PNG,2022-05-09T11:58:45-07:00,,,,,,,True,False,False,False,False,False,,,,True,False,public.png,False,False,,True,True,,False,True,False,False,False,False,False,False,False,,,False
E1E2BF09-BBE3-4943-8E21-B133D9AA4DBE,E1E2BF09-BBE3-4943-8E21-B133D9AA4DBE.png,IMG_4112.PNG,2022-05-09T11:58:50-07:00,,,,,,,True,False,False,False,False,False,,,,True,False,public.png,False,False,,True,True,,False,True,False,False,False,False,False,False,False,,,False
0AFE8DED-130D-4439-A3F2-CF8A3B808111,0AFE8DED-130D-4439-A3F2-CF8A3B808111.png,IMG_4115.PNG,2022-05-09T12:05:35-07:00,,,,,,,True,False,False,False,False,False,,,,True,False,public.png,False,False,,True,True,,False,True,False,False,False,False,False,False,False,,,False
82134DB4-B2F3-4EC2-9E1F-D9F92B51E2CB,82134DB4-B2F3-4EC2-9E1F-D9F92B51E2CB.png,IMG_4162.PNG,2022-05-11T10:48:16-07:00,,,,,,,True,False,False,False,False,False,,,,True,False,public.png,False,False,,True,True,,False,True,False,False,False,False,False,False,False,,,False
E1F4AA6A-738B-4ECB-AFBB-59F132C13200,E1F4AA6A-738B-4ECB-AFBB-59F132C13200.png,IMG_4226.PNG,2022-05-15T14:12:48-04:00,,,,,,,True,False,False,False,False,False,,,,True,False,public.png,False,False,,True,True,,False,True,False,False,False,False,False,False,False,,,False
9F7BBFDE-75CC-4D4F-A639-E3C366C39326,9F7BBFDE-75CC-4D4F-A639-E3C366C39326.png,IMG_4253.PNG,2022-05-18T15:56:07-04:00,,,,,,,True,False,False,False,False,False,,,,True,False,public.png,False,False,,True,True,,False,True,False,False,False,False,False,False,False,,,False
72A3D204-FEE6-4D71-835A-15C19717CF9E,72A3D204-FEE6-4D71-835A-15C19717CF9E.heic,67459966904__17B174F9-6E31-467C-A037-356C63DD2CC9.HEIC,2022-05-18T16:47:49.012000-04:00,,,,,,,True,False,False,False,False,False,,,,True,False,public.heic,False,False,,True,True,,False,False,False,False,False,False,False,False,False,,,False
B2DB564F-7FBA-4240-8317-54DD0939CAFA,B2DB564F-7FBA-4240-8317-54DD0939CAFA.png,IMG_4306.PNG,2022-05-21T04:00:17-04:00,,,,,,,True,False,False,False,False,False,,,,True,False,public.png,False,False,,True,True,,False,True,False,False,False,False,False,False,False,,,False
A9BBAF96-F158-494A-A0EE-451582D4662D,A9BBAF96-F158-494A-A0EE-451582D4662D.png,IMG_4322.PNG,2022-05-22T12:14:04-04:00,,,,,,,True,False,False,False,False,False,,,,True,False,public.png,False,False,,True,True,,False,True,False,False,False,False,False,False,False,,,False
91D2A61E-37E1-43C9-ACAA-0BE290B18583,91D2A61E-37E1-43C9-ACAA-0BE290B18583.png,IMG_0235.PNG,2022-06-07T13:08:52-04:00,,,,,_UNKNOWN_,,True,False,False,False,False,False,,,,True,False,public.png,False,False,,True,True,,False,True,False,False,False,False,False,False,False,,,False
F06A6508-A9D3-4059-B575-FA7B35893522,F06A6508-A9D3-4059-B575-FA7B35893522.png,IMG_0672.PNG,2022-06-23T17:56:22-04:00,,,,,,,True,False,False,False,False,False,,,,True,False,public.png,False,False,,True,True,,False,True,False,False,False,False,False,False,False,,,False
1A149F44-531F-4FFA-A5AD-27F50594D665,1A149F44-531F-4FFA-A5AD-27F50594D665.png,IMG_0885.PNG,2022-07-11T02:59:12-04:00,,,,,_UNKNOWN_,,True,False,False,False,False,False,,,,True,False,public.png,False,False,,True,True,,False,True,False,False,False,False,False,False,False,,,False
0169EB98-106E-4496-9E98-A5E478D072A0,0169EB98-106E-4496-9E98-A5E478D072A0.png,IMG_0937.PNG,2022-07-12T00:01:03-04:00,,,,,,,True,False,False,False,False,False,,,,True,False,public.png,False,False,,True,True,,False,True,False,False,False,False,False,False,False,,,False
F66D6315-D849-4502-8D47-F62B3D39E63B,F66D6315-D849-4502-8D47-F62B3D39E63B.png,IMG_0941.PNG,2022-07-12T00:05:34-04:00,,,,,"_UNKNOWN_, _UNKNOWN_",,True,False,False,False,False,False,,,,True,False,public.png,False,False,,True,True,,False,True,False,False,False,False,False,False,False,,,False
E0838E35-F1D2-4983-A5BD-EE3FD2D5E3AE,E0838E35-F1D2-4983-A5BD-EE3FD2D5E3AE.png,IMG_0958.PNG,2022-07-13T14:41:34-04:00,,,,,,,True,False,False,False,False,False,,,,True,False,public.png,False,False,,True,True,,False,True,False,False,False,False,False,False,False,,,False
37516777-7CA8-4577-ABE9-75FA2D481C20,37516777-7CA8-4577-ABE9-75FA2D481C20.png,IMG_0959.PNG,2022-07-13T14:41:37-04:00,,,,,,,True,False,False,False,False,False,,,,True,False,public.png,False,False,,True,True,,False,True,False,False,False,False,False,False,False,,,False
EC02A8A5-C11F-4B29-BB53-C2CE46FF83D5,EC02A8A5-C11F-4B29-BB53-C2CE46FF83D5.png,IMG_1017.PNG,2022-07-24T16:00:48-04:00,,,,,,,True,False,False,False,False,False,,,,True,False,public.png,False,False,,True,True,,False,True,False,False,False,False,False,False,False,,,False
237952D4-78ED-437C-943D-196C30D7424F,237952D4-78ED-437C-943D-196C30D7424F.png,IMG_1020.PNG,2022-07-24T18:55:12-04:00,,,,,,,True,False,False,False,False,False,,,,True,False,public.png,False,False,,True,True,,False,True,False,False,False,False,False,False,False,,,False
DFBBCAF2-716D-488D-8693-EDC8AC26DB14,DFBBCAF2-716D-488D-8693-EDC8AC26DB14.png,IMG_1424.PNG,2022-08-24T15:07:31-04:00,,,,,,,True,False,False,False,False,False,,,,True,False,public.png,False,False,,True,True,,False,True,False,False,False,False,False,False,False,,,False
E8AD3309-E0A0-4683-8FAA-37756226090F,E8AD3309-E0A0-4683-8FAA-37756226090F.png,IMG_1766.PNG,2022-09-15T18:52:49-07:00,,,,,"_UNKNOWN_, _UNKNOWN_",,True,False,False,False,False,False,,,,True,False,public.png,False,False,,True,True,,False,True,False,False,False,False,False,False,False,,,False
63917149-219C-46C3-9932-DA89CDFC396C,63917149-219C-46C3-9932-DA89CDFC396C.png,IMG_1831.PNG,2022-09-23T20:52:43-07:00,,,,,,,True,False,False,False,False,False,,,,True,False,public.png,False,False,,True,True,,False,True,False,False,False,False,False,False,False,,,False
4D730779-1CFF-4BC4-8D70-CDB3ECF61052,4D730779-1CFF-4BC4-8D70-CDB3ECF61052.png,IMG_1860.PNG,2022-09-24T22:02:05-07:00,,,,,,,True,False,False,False,False,False,,,,True,False,public.png,False,False,,True,True,,False,True,False,False,False,False,False,False,False,,,False
75014935-F0DF-44F2-8156-AEC6CB030721,75014935-F0DF-44F2-8156-AEC6CB030721.png,IMG_1861.PNG,2022-09-24T22:03:03-07:00,,,,,,,True,False,False,False,False,False,,,,True,False,public.png,False,False,,True,True,,False,True,False,False,False,False,False,False,False,,,False
2324BCAA-E413-49B1-B200-15AE58CC811F,2324BCAA-E413-49B1-B200-15AE58CC811F.png,IMG_2014.PNG,2022-10-04T10:37:43-07:00,,,,,,,True,False,False,False,False,False,,,,True,False,public.png,False,False,,True,True,,False,True,False,False,False,False,False,False,False,,,False
0DB11293-9AED-47A0-A55F-77B52961EF32,0DB11293-9AED-47A0-A55F-77B52961EF32.png,IMG_2015.PNG,2022-10-04T10:37:45-07:00,,,,,,,True,False,False,False,False,False,,,,True,False,public.png,False,False,,True,True,,False,True,False,False,False,False,False,False,False,,,False
DB3FD853-2DBA-4A18-A8FE-8824A5F55158,DB3FD853-2DBA-4A18-A8FE-8824A5F55158.heic,68673199492__EC3294C2-A1E6-4ACB-AAFD-1A7658BABFF9.HEIC,2022-10-05T23:53:14.913000-07:00,,,,,,,True,False,False,False,False,False,,,,True,False,public.heic,False,True,,True,True,,False,False,False,False,False,False,False,False,False,,,False
D327C9EA-3C0F-4383-A098-499238078C79,D327C9EA-3C0F-4383-A098-499238078C79.png,IMG_2273.PNG,2022-10-25T16:02:13-07:00,,,,,,,True,False,False,False,False,False,,,,True,False,public.png,False,False,,True,True,,False,True,False,False,False,False,False,False,False,,,False
3D16495F-B71E-41F5-89BB-7250BE9AD2F9,3D16495F-B71E-41F5-89BB-7250BE9AD2F9.png,IMG_2420.PNG,2022-11-06T18:57:25-08:00,,,,,,,True,False,False,False,False,False,,,,True,False,public.png,False,False,,True,True,,False,True,False,False,False,False,False,False,False,,,False
C725405F-A911-4CB3-BE2E-16621E152713,C725405F-A911-4CB3-BE2E-16621E152713.png,IMG_2509.PNG,2022-11-21T19:09:39-08:00,,,,,,,True,False,False,False,False,False,,,,True,False,public.png,False,False,,True,True,,False,True,False,False,False,False,False,False,False,,,False
F64197B8-2887-480F-B066-06E6E57DD9B3,F64197B8-2887-480F-B066-06E6E57DD9B3.jpeg,EBEECE5A-40C3-4427-B405-8BF78CD8F220.jpg,2022-11-21T19:12:03.977336-08:00,,,,Instagram,,,True,False,False,False,False,False,,,,True,False,public.jpeg,False,False,,True,True,,False,False,False,False,False,False,False,False,False,,,False
6E7BB2DB-DD73-4153-A059-0391D6D2EB5C,6E7BB2DB-DD73-4153-A059-0391D6D2EB5C.heic,IMG_2726.HEIC,2022-12-05T12:09:37.640000-08:00,,,,Screenshots,,,True,False,False,False,False,False,42.197963333333334,-122.709495,,True,False,public.heic,False,False,,True,True,,False,False,False,False,False,False,False,False,False,,,False
4199FF83-4957-4292-B72D-88D15653BD82,4199FF83-4957-4292-B72D-88D15653BD82.png,IMG_2972.PNG,2022-12-15T21:18:35-08:00,,,,,,,True,False,False,False,False,False,,,,True,False,public.png,False,False,,True,True,,False,True,False,False,False,False,False,False,False,,,False
F8737540-944A-4648-A531-CCDE0966AA7B,F8737540-944A-4648-A531-CCDE0966AA7B.png,IMG_4215.PNG,2023-02-06T23:39:23-05:00,,,,,,,True,False,False,False,False,False,,,,True,False,public.png,False,False,,True,True,,False,True,False,False,False,False,False,False,False,,,False
610EA9D0-B1D3-4CBB-A4B2-193A99373111,610EA9D0-B1D3-4CBB-A4B2-193A99373111.png,IMG_4317.PNG,2023-02-09T19:55:36-05:00,,,,,,,True,False,False,False,False,False,,,,True,False,public.png,False,False,,True,True,,False,True,False,False,False,False,False,False,False,,,False
97582152-4799-4041-8242-8AFDBA148738,97582152-4799-4041-8242-8AFDBA148738.png,IMG_4415.PNG,2023-02-11T01:05:03-05:00,,,,,,,True,False,False,False,False,False,,,,True,False,public.png,False,False,,True,True,,False,True,False,False,False,False,False,False,False,,,False
AC40B002-1556-456F-9002-3C8E8DE96A56,AC40B002-1556-456F-9002-3C8E8DE96A56.png,IMG_4462.PNG,2023-02-12T17:59:46-05:00,,,,,"_UNKNOWN_, _UNKNOWN_",,True,False,False,False,False,False,,,,True,False,public.png,False,False,,True,True,,False,True,False,False,False,False,False,False,False,,,False
71494483-ADCA-46EF-B500-FDC697DCDA1D,71494483-ADCA-46EF-B500-FDC697DCDA1D.png,IMG_4463.PNG,2023-02-12T18:00:02-05:00,,,,,"_UNKNOWN_, _UNKNOWN_, _UNKNOWN_",,True,False,False,False,False,False,,,,True,False,public.png,False,False,,True,True,,False,True,False,False,False,False,False,False,False,,,False
CF0B30F7-3DDA-4D8E-AD58-1847B8EC7DAF,CF0B30F7-3DDA-4D8E-AD58-1847B8EC7DAF.png,IMG_4464.PNG,2023-02-12T18:00:19-05:00,,,,,"_UNKNOWN_, _UNKNOWN_, _UNKNOWN_",,True,False,False,False,False,False,,,,True,False,public.png,False,False,,True,True,,False,True,False,False,False,False,False,False,False,,,False
98126BE5-1ECD-4CAE-AA40-038FE9376FD5,98126BE5-1ECD-4CAE-AA40-038FE9376FD5.png,IMG_4659.PNG,2023-02-20T17:54:45-05:00,,,,,,,True,False,False,False,False,False,,,,True,False,public.png,False,False,,True,True,,False,True,False,False,False,False,False,False,False,,,False
CF51E6B3-449B-4FC3-9EAA-E5E502F094B1,CF51E6B3-449B-4FC3-9EAA-E5E502F094B1.png,IMG_5129.PNG,2023-03-09T16:10:42-05:00,,,,,,,True,False,False,False,False,False,,,,True,False,public.png,False,False,,True,True,,False,True,False,False,False,False,False,False,False,,,False
8C14F21C-EF49-4167-938C-217C219C2A79,8C14F21C-EF49-4167-938C-217C219C2A79.heic,IMG_5266.HEIC,2023-03-14T14:52:15.212000-04:00,,,,,,,True,False,False,False,False,False,40.71458,-73.99083,,True,False,public.heic,False,False,,True,True,,False,False,False,False,False,False,False,False,False,,,False
101160B1-9B60-44C6-9551-CDDA1F222AA1,101160B1-9B60-44C6-9551-CDDA1F222AA1.png,IMG_5270.PNG,2023-03-14T17:54:07-04:00,,,,,,,True,False,False,False,False,False,,,,True,False,public.png,False,False,,True,True,,False,True,False,False,False,False,False,False,False,,,False
7FAB3954-D96F-4339-A67E-D84AEF70DB93,7FAB3954-D96F-4339-A67E-D84AEF70DB93.png,IMG_5296.PNG,2023-03-15T01:11:24-04:00,,,,,,,True,False,False,False,False,False,,,,True,False,public.png,False,False,,True,True,,False,True,False,False,False,False,False,False,False,,,False
3E9B1C54-1601-4022-B9D3-1C52CCA5CD39,3E9B1C54-1601-4022-B9D3-1C52CCA5CD39.png,IMG_5501.PNG,2023-03-21T10:25:41-04:00,,,,,,,True,False,False,False,False,False,,,,True,False,public.png,False,False,,True,True,,False,True,False,False,False,False,False,False,False,,,False
A350D38C-496C-49ED-BBA0-E7E5FD155D38,A350D38C-496C-49ED-BBA0-E7E5FD155D38.png,IMG_5525.PNG,2023-03-21T18:10:33-04:00,,,,,"_UNKNOWN_, _UNKNOWN_",,True,False,False,False,False,False,,,,True,False,public.png,False,False,,True,True,,False,True,False,False,False,False,False,False,False,,,False
589D90FE-62DE-4B54-98A4-986B933ACFE0,589D90FE-62DE-4B54-98A4-986B933ACFE0.png,IMG_5526.PNG,2023-03-21T18:37:57-04:00,,,,,,,True,False,False,False,False,False,,,,True,False,public.png,False,False,,True,True,,False,True,False,False,False,False,False,False,False,,,False
73713CB6-0CFF-492E-A11B-7ABA17881C9D,73713CB6-0CFF-492E-A11B-7ABA17881C9D.png,IMG_5634.PNG,2023-03-23T22:35:09-04:00,,,,,,,True,False,False,False,False,False,,,,True,False,public.png,False,False,,True,True,,False,True,False,False,False,False,False,False,False,,,False
F1A1930A-9CAB-4ED9-8930-97CC074C0FA4,F1A1930A-9CAB-4ED9-8930-97CC074C0FA4.png,IMG_6453.PNG,2023-04-12T01:48:45-04:00,,,,,,,True,False,False,False,False,False,,,,True,False,public.png,False,False,,True,True,,False,True,False,False,False,False,False,False,False,,,False
77014F7E-5FEC-44C9-A559-3EAAF9686A98,77014F7E-5FEC-44C9-A559-3EAAF9686A98.png,IMG_6454.PNG,2023-04-12T01:48:49-04:00,,,,,,,True,False,False,False,False,False,,,,True,False,public.png,False,False,,True,True,,False,True,False,False,False,False,False,False,False,,,False
7DC0A819-1043-4C97-B2DD-6D5D4489AA87,7DC0A819-1043-4C97-B2DD-6D5D4489AA87.png,IMG_6457.PNG,2023-04-12T01:49:14-04:00,,,,,,,True,False,False,False,False,False,,,,True,False,public.png,False,False,,True,True,,False,True,False,False,False,False,False,False,False,,,False
7A25417F-9A8F-43F6-A61E-BC17601364D4,7A25417F-9A8F-43F6-A61E-BC17601364D4.png,IMG_6642.PNG,2023-04-16T13:54:53-04:00,,,,,,,True,False,False,False,False,False,,,,True,False,public.png,False,False,,True,True,,False,True,False,False,False,False,False,False,False,,,False
60B15A52-635F-46C3-8B24-069602DF0655,60B15A52-635F-46C3-8B24-069602DF0655.png,IMG_6643.PNG,2023-04-16T13:54:56-04:00,,,,,,,True,False,False,False,False,False,,,,True,False,public.png,False,False,,True,True,,False,True,False,False,False,False,False,False,False,,,False
1A958B7A-EC60-49A2-95E7-B9ECAA9879A8,1A958B7A-EC60-49A2-95E7-B9ECAA9879A8.png,IMG_6986.PNG,2023-04-27T13:29:19-04:00,,,,,,,True,True,False,False,False,False,,,,True,False,public.jpeg,False,False,,True,True,2023-04-27T13:29:35.503608-04:00,False,True,False,False,False,False,False,False,False,,,False
A6866CE5-15CB-42E0-9ED5-6E291A841C0F,A6866CE5-15CB-42E0-9ED5-6E291A841C0F.png,IMG_7092.PNG,2023-05-01T14:00:25-04:00,,,,,,,True,False,False,False,False,False,,,,True,False,public.png,False,False,,True,True,,False,True,False,False,False,False,False,False,False,,,False
14D8ECB7-39D8-4C39-93E1-C67957FDE4CC,14D8ECB7-39D8-4C39-93E1-C67957FDE4CC.png,IMG_7191.PNG,2023-05-05T01:41:51-04:00,,,,,,,True,False,False,False,False,False,,,,True,False,public.png,False,False,,True,True,,False,True,False,False,False,False,False,False,False,,,False
C2C19E30-7602-40A3-8943-903E781DB710,C2C19E30-7602-40A3-8943-903E781DB710.png,IMG_7192.PNG,2023-05-05T01:42:00-04:00,,,,,,,True,False,False,False,False,False,,,,True,False,public.png,False,False,,True,True,,False,True,False,False,False,False,False,False,False,,,False
69E19310-6091-45EA-B279-FFF0DD0F2653,69E19310-6091-45EA-B279-FFF0DD0F2653.png,IMG_7197.PNG,2023-05-05T10:56:53-04:00,,,,,Jeffrey Scudder,,True,False,False,False,False,False,,,,True,False,public.png,False,False,,True,True,,False,True,False,False,False,False,False,False,False,,,False
283DBC63-33BC-47E9-8275-175B8A48E0A4,283DBC63-33BC-47E9-8275-175B8A48E0A4.png,IMG_7206.PNG,2023-05-05T17:39:27-04:00,,,,,,,True,False,False,False,False,False,,,,True,False,public.png,False,False,,True,True,,False,True,False,False,False,False,False,False,False,,,False
BE03A06F-9FB0-4283-ACB6-FAAAF6B7CBC8,BE03A06F-9FB0-4283-ACB6-FAAAF6B7CBC8.png,IMG_7207.PNG,2023-05-05T17:39:31-04:00,,,,,,,True,True,False,False,False,False,,,,True,False,public.jpeg,False,False,,True,True,2023-05-05T17:39:44.596309-04:00,False,True,False,False,False,False,False,False,False,,,False
75A131E6-1212-4F62-A65E-41F22B4A4A4D,75A131E6-1212-4F62-A65E-41F22B4A4A4D.png,IMG_7285.PNG,2023-05-08T15:57:03-04:00,,,,,,,True,False,False,False,False,False,,,,True,False,public.png,False,False,,True,True,,False,True,False,False,False,False,False,False,False,,,False
6583822E-F64B-49B7-BECB-FFE16AF7C86A,6583822E-F64B-49B7-BECB-FFE16AF7C86A.png,IMG_7300.PNG,2023-05-09T11:19:46-04:00,,,,,_UNKNOWN_,,True,False,False,False,False,False,,,,True,False,public.png,False,False,,True,True,,False,True,False,False,False,False,False,False,False,,,False
C00F644A-6173-4FB1-9394-66E688A6DB16,C00F644A-6173-4FB1-9394-66E688A6DB16.png,IMG_7348.PNG,2023-05-11T01:00:44-04:00,,,,,,,True,False,False,False,False,False,,,,True,False,public.png,False,False,,True,True,,False,True,False,False,False,False,False,False,False,,,False
DBFE274B-2B20-4517-87A7-3ED9D9C0436B,DBFE274B-2B20-4517-87A7-3ED9D9C0436B.png,IMG_7349.PNG,2023-05-11T01:00:45-04:00,,,,,,,True,False,False,False,False,False,,,,True,False,public.png,False,False,,True,True,,False,True,False,False,False,False,False,False,False,,,False
31C9E751-D2AE-4AA9-91DD-EF5BEA010B2A,31C9E751-D2AE-4AA9-91DD-EF5BEA010B2A.png,IMG_7371.PNG,2023-05-12T18:49:26-04:00,,,,,,,True,False,False,False,False,False,,,,True,False,public.png,False,False,,True,True,,False,True,False,False,False,False,False,False,False,,,False
E7B0D237-3D12-488B-8D4E-EF22AB7D3BD2,E7B0D237-3D12-488B-8D4E-EF22AB7D3BD2.png,IMG_7437.PNG,2023-05-13T19:07:25-04:00,,,,,,,True,False,False,False,False,False,,,,True,False,public.png,False,False,,True,True,,False,True,False,False,False,False,False,False,False,,,False
9E3DCB1D-0C5F-4908-9318-43890A6456F2,9E3DCB1D-0C5F-4908-9318-43890A6456F2.png,IMG_7438.PNG,2023-05-13T19:07:41-04:00,,,,,,,True,False,False,False,False,False,,,,True,False,public.png,False,False,,True,True,,False,True,False,False,False,False,False,False,False,,,False
859AB836-98E3-4FD2-8BA8-7E67630BD28A,859AB836-98E3-4FD2-8BA8-7E67630BD28A.png,IMG_7540.PNG,2023-05-20T19:55:38-04:00,,,,,,,True,False,False,False,False,False,,,,True,False,public.png,False,False,,True,True,,False,True,False,False,False,False,False,False,False,,,False
78D98617-8231-4F28-9F6B-B708E0F2A89D,78D98617-8231-4F28-9F6B-B708E0F2A89D.png,IMG_7610.PNG,2023-05-26T19:11:21-04:00,,,,,,,True,False,False,False,False,False,,,,True,False,public.png,False,False,,True,True,,False,True,False,False,False,False,False,False,False,,,False
E46C006E-81DB-402A-8DDA-FF321DF9066D,E46C006E-81DB-402A-8DDA-FF321DF9066D.png,IMG_7648.PNG,2023-05-29T12:49:23-04:00,,,,,,,True,False,False,False,False,False,,,,True,False,public.png,False,False,,True,True,,False,True,False,False,False,False,False,False,False,,,False
8351ED0C-2642-452F-9DDD-1E587CA09108,8351ED0C-2642-452F-9DDD-1E587CA09108.png,IMG_7675.PNG,2023-06-01T11:46:29-04:00,,,,,,,True,False,False,False,False,False,,,,True,False,public.png,False,False,,True,True,,False,True,False,False,False,False,False,False,False,,,False
7C1B8451-F853-4E5D-BCE1-72E0EF5CF5D5,7C1B8451-F853-4E5D-BCE1-72E0EF5CF5D5.png,IMG_7925.PNG,2023-06-19T21:00:11-04:00,,,,,,,True,False,False,False,False,False,,,,True,False,public.png,False,False,,True,True,,False,True,False,False,False,False,False,False,False,,,False
6E842A64-E491-42A8-9665-F357D30DEB82,6E842A64-E491-42A8-9665-F357D30DEB82.heic,71225191711__1D4390FD-E94F-4717-A527-5AC77CF9268F.HEIC,2023-07-28T11:45:17.096000-04:00,,,,Screenshots,,,True,False,False,False,False,False,,,,True,False,public.heic,False,False,,True,True,,False,False,False,False,False,False,False,False,False,,,False
E2B9903D-4963-441D-9F6C-5D6604C51E4F,E2B9903D-4963-441D-9F6C-5D6604C51E4F.png,IMG_0374.PNG,2023-09-02T19:20:39-04:00,,,,,_UNKNOWN_,,True,False,False,False,False,False,,,,True,False,public.png,False,False,,True,True,,False,True,False,False,False,False,False,False,False,,,False
89058547-7FF2-4286-AFC6-1D59DC074EEE,89058547-7FF2-4286-AFC6-1D59DC074EEE.png,IMG_0380.PNG,2023-09-03T14:18:26-04:00,,,,,,,True,False,False,False,False,False,,,,True,False,public.png,False,False,,True,True,,False,True,False,False,False,False,False,False,False,,,False
1311D7FB-2F38-4065-8970-E8123D4DC9EA,1311D7FB-2F38-4065-8970-E8123D4DC9EA.png,IMG_0486.PNG,2023-09-07T15:51:30-04:00,,,,,,,True,False,False,False,False,False,,,,True,False,public.png,False,False,,True,True,,False,True,False,False,False,False,False,False,False,,,False
7FB420C9-A35A-4C1C-A1F3-D713CF923968,7FB420C9-A35A-4C1C-A1F3-D713CF923968.png,IMG_0518.PNG,2023-09-08T15:24:05-04:00,,,,,,,True,False,False,False,False,False,,,,True,False,public.png,False,False,,True,True,,False,True,False,False,False,False,False,False,False,,,False
ECD7904B-3671-42BE-8CAD-E40BDB2D0785,ECD7904B-3671-42BE-8CAD-E40BDB2D0785.png,IMG_0573.PNG,2023-09-10T02:57:27-04:00,,,,,,,True,False,False,False,False,False,,,,True,False,public.png,False,False,,True,True,,False,True,False,False,False,False,False,False,False,,,False
D60BE1D4-2F85-4083-9A35-0803B4A10F9D,D60BE1D4-2F85-4083-9A35-0803B4A10F9D.png,IMG_0639.PNG,2023-09-11T14:44:27-04:00,,,,,,,True,False,False,False,False,False,,,,True,False,public.png,False,False,,True,True,,False,True,False,False,False,False,False,False,False,,,False
880EC597-AB32-4D22-BABF-9BC570994D0E,880EC597-AB32-4D22-BABF-9BC570994D0E.png,IMG_0641.PNG,2023-09-11T14:44:42-04:00,,,,,,,True,False,False,False,False,False,,,,True,False,public.png,False,False,,True,True,,False,True,False,False,False,False,False,False,False,,,False
56E3CD95-98B6-4235-84B3-285FCC49A929,56E3CD95-98B6-4235-84B3-285FCC49A929.png,IMG_0642.PNG,2023-09-11T14:44:49-04:00,,,,,,,True,False,False,False,False,False,,,,True,False,public.png,False,False,,True,True,,False,True,False,False,False,False,False,False,False,,,False
BC9CA62C-0EF2-4E34-9E13-777583863553,BC9CA62C-0EF2-4E34-9E13-777583863553.png,IMG_0644.PNG,2023-09-11T14:45:02-04:00,,,,,,,True,False,False,False,False,False,,,,True,False,public.png,False,False,,True,True,,False,True,False,False,False,False,False,False,False,,,False
5F746962-1F60-4AB8-8ABE-A5B2BFD2CE2B,5F746962-1F60-4AB8-8ABE-A5B2BFD2CE2B.png,IMG_0780.PNG,2023-09-19T14:34:00-04:00,,,,,,,True,True,False,False,False,False,,,,True,False,public.jpeg,False,False,,True,True,2023-09-19T14:34:09.510740-04:00,False,True,False,False,False,False,False,False,False,,,False
5EC2A97E-3473-4AD6-94BD-30D487F94B6D,5EC2A97E-3473-4AD6-94BD-30D487F94B6D.png,IMG_0796.PNG,2023-09-19T22:17:20-04:00,,,,,Jeffrey Scudder,,True,False,False,False,False,False,,,,True,False,public.png,False,False,,True,True,,False,True,False,False,False,False,False,False,False,,,False
A1670D5D-C655-40EA-BC57-F70495F7D9C5,A1670D5D-C655-40EA-BC57-F70495F7D9C5.png,IMG_0802.PNG,2023-09-20T05:49:31-04:00,,,,,,,True,False,False,False,False,False,,,,True,False,public.png,False,False,,True,True,,False,True,False,False,False,False,False,False,False,,,False
455FFB05-3B40-49FA-815E-37CEBCC39036,455FFB05-3B40-49FA-815E-37CEBCC39036.png,IMG_0837.PNG,2023-09-21T11:53:12-04:00,,,,,,,True,False,False,False,False,False,,,,True,False,public.png,False,False,,True,True,,False,True,False,False,False,False,False,False,False,,,False
3A4385A7-A421-4734-9630-A7A4BA1E0AEF,3A4385A7-A421-4734-9630-A7A4BA1E0AEF.png,IMG_0884.PNG,2023-09-22T18:42:58-04:00,,,,,,,True,False,False,False,False,False,,,,True,False,public.png,False,False,,True,True,,False,True,False,False,False,False,False,False,False,,,False
C7092F73-D1C9-4463-A8B1-E5174A34F2C9,C7092F73-D1C9-4463-A8B1-E5174A34F2C9.png,IMG_0893.PNG,2023-09-22T21:49:50-04:00,,,,,,,True,False,False,False,False,False,,,,True,False,public.png,False,False,,True,True,,False,True,False,False,False,False,False,False,False,,,False
AF94E861-9DCF-40B6-AB82-6F971460EDAB,AF94E861-9DCF-40B6-AB82-6F971460EDAB.png,IMG_0903.PNG,2023-09-22T23:46:23-04:00,,,,,,,True,False,False,False,False,False,,,,True,False,public.png,False,False,,True,True,,False,True,False,False,False,False,False,False,False,,,False
F2C23466-DF1F-43F7-AC62-420729886376,F2C23466-DF1F-43F7-AC62-420729886376.png,IMG_0904.PNG,2023-09-22T23:46:26-04:00,,,,,,,True,False,False,False,False,False,,,,True,False,public.png,False,False,,True,True,,False,True,False,False,False,False,False,False,False,,,False
2C8A7E38-B266-40C4-A0CB-3533CBC820FF,2C8A7E38-B266-40C4-A0CB-3533CBC820FF.png,IMG_1176.PNG,2023-10-10T11:23:50-05:00,,,,,,,True,False,False,False,False,False,,,,True,False,public.png,False,False,,True,True,,False,True,False,False,False,False,False,False,False,,,False
AACE8465-98F8-4105-93C3-EF46881958AE,AACE8465-98F8-4105-93C3-EF46881958AE.png,IMG_1177.PNG,2023-10-10T11:23:54-05:00,,,,,,,True,False,False,False,False,False,,,,True,False,public.png,False,False,,True,True,,False,True,False,False,False,False,False,False,False,,,False
CC6327F8-A865-46A6-93A6-ABE7F4658152,CC6327F8-A865-46A6-93A6-ABE7F4658152.png,IMG_1276.PNG,2023-10-14T14:19:06-04:00,,,,,,,True,False,False,False,False,False,,,,True,False,public.png,False,False,,True,True,,False,True,False,False,False,False,False,False,False,,,False
85DD18B6-8A92-403C-934A-8F026DA03E83,85DD18B6-8A92-403C-934A-8F026DA03E83.png,IMG_1330.PNG,2023-10-19T16:23:25-04:00,,,,,,,True,False,False,False,False,False,,,,True,False,public.png,False,False,,True,True,,False,True,False,False,False,False,False,False,False,,,False
FFA4497E-93E3-41E0-AFE3-957706188F46,FFA4497E-93E3-41E0-AFE3-957706188F46.png,IMG_1336.PNG,2023-10-20T15:23:40-04:00,,,,,,,True,False,False,False,False,False,,,,True,False,public.png,False,False,,True,True,,False,True,False,False,False,False,False,False,False,,,False
B2E9AD0D-C9BD-4754-9382-B1B67CEA740C,B2E9AD0D-C9BD-4754-9382-B1B67CEA740C.png,IMG_1448.PNG,2023-10-28T21:19:06-04:00,,,,,,,True,False,False,False,False,False,,,,True,False,public.png,False,False,,True,True,,False,True,False,False,False,False,False,False,False,,,False
EDBEAE13-198D-48E5-AE4E-4CFACE2A308E,EDBEAE13-198D-48E5-AE4E-4CFACE2A308E.png,IMG_2153.PNG,2023-11-28T19:36:56-05:00,,,,,_UNKNOWN_,,True,False,False,False,False,False,,,,True,False,public.png,False,False,,True,True,,False,True,False,False,False,False,False,False,False,,,False
F3067F49-6A4C-41A0-8B62-D2D3E3CDA925,F3067F49-6A4C-41A0-8B62-D2D3E3CDA925.png,IMG_2348.PNG,2023-12-15T11:44:40-05:00,,,,,Jeffrey Scudder,,True,False,False,False,False,False,,,,True,False,public.png,False,False,,True,True,,False,True,False,False,False,False,False,False,False,,,False
26FC5066-604A-41C7-AF67-BF6EC89A912F,26FC5066-604A-41C7-AF67-BF6EC89A912F.png,IMG_2349.PNG,2023-12-15T11:50:33-05:00,,,,,Jeffrey Scudder,,True,False,False,False,False,False,,,,True,False,public.png,False,False,,True,True,,False,True,False,False,False,False,False,False,False,,,False
059E21BA-680D-42E1-9AEF-7027A017E470,059E21BA-680D-42E1-9AEF-7027A017E470.png,IMG_3027.PNG,2024-01-23T00:54:12-04:00,,,,,,,True,True,False,False,False,False,,,,True,False,public.jpeg,False,False,,True,True,2024-01-22T23:54:37.392443-05:00,False,True,False,False,False,False,False,False,False,,,False
E8850FB1-C7C3-4FA9-A429-C15FCE2785ED,E8850FB1-C7C3-4FA9-A429-C15FCE2785ED.png,IMG_3112.PNG,2024-01-28T16:06:08-04:00,,,,,,,True,False,False,False,False,False,,,,True,False,public.png,False,False,,True,True,,False,True,False,False,False,False,False,False,False,,,False
4A42BF35-54B1-4A2B-8AAD-75ABC8CBB4EA,4A42BF35-54B1-4A2B-8AAD-75ABC8CBB4EA.png,IMG_3113.PNG,2024-01-28T16:11:36-04:00,,,,,,,True,False,False,False,False,False,,,,True,False,public.png,False,False,,True,True,,False,True,False,False,False,False,False,False,False,,,False
164E4230-3462-4B7E-B5DE-B6A25B371D6D,164E4230-3462-4B7E-B5DE-B6A25B371D6D.png,IMG_3208.PNG,2024-02-04T11:48:10-04:00,,,,,,,True,False,False,False,False,False,,,,True,False,public.png,False,False,,True,True,,False,True,False,False,False,False,False,False,False,,,False
2726DFF0-5131-4799-8048-87CB162DE1DF,2726DFF0-5131-4799-8048-87CB162DE1DF.png,IMG_3232.PNG,2024-02-05T18:09:00-04:00,,,,,,,True,False,False,False,False,False,,,,True,False,public.png,False,False,,True,True,,False,True,False,False,False,False,False,False,False,,,False
8E4A17C0-E35E-49EB-AE55-7EB938D7162D,8E4A17C0-E35E-49EB-AE55-7EB938D7162D.png,IMG_3456.PNG,2024-02-17T17:42:12-08:00,,,,,,,True,False,False,False,False,False,,,,True,False,public.png,False,False,,True,True,,False,True,False,False,False,False,False,False,False,,,False
8CEF2AE1-86B3-4E8A-98B3-DC5FA95D3B53,8CEF2AE1-86B3-4E8A-98B3-DC5FA95D3B53.png,IMG_3469.PNG,2024-02-18T13:23:38-08:00,,,,,,,True,False,False,False,False,False,,,,True,False,public.png,False,False,,True,True,,False,True,False,False,False,False,False,False,False,,,False
3676917A-FA79-4205-90F3-E4E8A17F972B,3676917A-FA79-4205-90F3-E4E8A17F972B.png,IMG_4160.PNG,2024-03-22T18:38:49-07:00,,,,,,,True,False,False,False,False,False,,,,True,False,public.png,False,False,,True,True,,False,True,False,False,False,False,False,False,False,,,False
AFA57B83-93C2-4D42-A522-256219139534,AFA57B83-93C2-4D42-A522-256219139534.png,IMG_4161.PNG,2024-03-22T18:38:53-07:00,,,,,,,True,False,False,False,False,False,,,,True,False,public.png,False,False,,True,True,,False,True,False,False,False,False,False,False,False,,,False
9159E54C-4527-471E-AD0B-A4D003F22E1C,9159E54C-4527-471E-AD0B-A4D003F22E1C.heic,IMG_4533.HEIC,2024-04-16T20:24:52.157000-07:00,,,,,,,True,False,False,False,False,False,42.197895,-122.709305,,True,False,public.heic,False,False,,True,True,,False,False,False,False,False,False,False,False,False,,,False
B36E4502-47BD-4E3C-8C98-3449A5D46447,B36E4502-47BD-4E3C-8C98-3449A5D46447.png,IMG_4589.PNG,2024-04-19T20:35:39-07:00,,,,,"Jeffrey Scudder, Jeffrey Scudder, Jeffrey Scudder",,True,False,False,False,False,False,,,,True,False,public.png,False,False,,True,True,,False,True,False,False,False,False,False,False,False,,,False
F9825C85-C75C-42D3-A6D3-E4A8AE074D54,F9825C85-C75C-42D3-A6D3-E4A8AE074D54.png,IMG_4646.PNG,2024-04-24T15:22:32-07:00,,,,,,,True,False,False,False,False,False,,,,True,False,public.png,False,False,,True,True,,False,True,False,False,False,False,False,False,False,,,False
2C5F528C-309D-4FE8-B4BB-17866ADC8652,2C5F528C-309D-4FE8-B4BB-17866ADC8652.png,IMG_4762.PNG,2024-04-29T23:00:47-07:00,,,,,,,True,False,False,False,False,False,,,,True,False,public.png,False,False,,True,True,,False,True,False,False,False,False,False,False,False,,,False
E7163440-2C25-4758-A34F-D14F92B1827D,E7163440-2C25-4758-A34F-D14F92B1827D.png,IMG_4763.PNG,2024-04-29T23:01:25-07:00,,,,,,,True,False,False,False,False,False,,,,True,False,public.png,False,False,,True,True,,False,True,False,False,False,False,False,False,False,,,False
9375B37A-5D73-4EC8-A5DD-929D83D3E381,9375B37A-5D73-4EC8-A5DD-929D83D3E381.png,IMG_4764.PNG,2024-04-29T23:04:45-07:00,,,,,,,True,False,False,False,False,False,,,,True,False,public.png,False,False,,True,True,,False,True,False,False,False,False,False,False,False,,,False
F11B051F-A892-4D71-B971-CFAA93394916,F11B051F-A892-4D71-B971-CFAA93394916.png,IMG_4999.PNG,2024-05-10T14:49:57-07:00,,,,,"Jeffrey Scudder, Jeffrey Scudder, Jeffrey Scudder, Jeffrey Scudder",,True,False,False,False,False,False,,,,True,False,public.png,False,False,,True,True,,False,True,False,False,False,False,False,False,False,,,False
CB4EF9E3-64A6-471B-8EE1-64B0C191E4C4,CB4EF9E3-64A6-471B-8EE1-64B0C191E4C4.png,IMG_5283.PNG,2024-05-25T20:29:14-07:00,,,,,,,True,False,False,False,False,False,,,,True,False,public.png,False,False,,True,True,,False,True,False,False,False,False,False,False,False,,,False
777CCC60-2869-4AEE-AF9A-9CD2DD143750,777CCC60-2869-4AEE-AF9A-9CD2DD143750.png,IMG_5389.PNG,2024-05-30T16:17:56-07:00,,,,,_UNKNOWN_,,True,False,False,False,False,False,,,,True,False,public.png,False,False,,True,True,,False,True,False,False,False,False,False,False,False,,,False
98B4BF3E-3B47-4302-A1CA-59A935F0190D,98B4BF3E-3B47-4302-A1CA-59A935F0190D.png,IMG_5390.PNG,2024-05-30T16:18:06-07:00,,,,,,,True,False,False,False,False,False,,,,True,False,public.png,False,False,,True,True,,False,True,False,False,False,False,False,False,False,,,False
58BB0E89-58A2-405B-819E-72EFAA6525EF,58BB0E89-58A2-405B-819E-72EFAA6525EF.png,IMG_5391.PNG,2024-05-30T16:18:08-07:00,,,,,"_UNKNOWN_, _UNKNOWN_",,True,False,False,False,False,False,,,,True,False,public.png,False,False,,True,True,,False,True,False,False,False,False,False,False,False,,,False
173D81ED-C658-4695-B214-FD6E4DD8319D,173D81ED-C658-4695-B214-FD6E4DD8319D.png,IMG_5514.PNG,2024-06-08T19:01:36-07:00,,,,,,,True,False,False,False,False,False,,,,True,False,public.png,False,False,,True,True,,False,True,False,False,False,False,False,False,False,,,False
FBBE7FBE-DBC8-40A8-AF34-A362C5709DA8,FBBE7FBE-DBC8-40A8-AF34-A362C5709DA8.png,IMG_5833.PNG,2024-06-26T01:10:46-07:00,,,,,,,True,False,False,False,False,False,,,,True,False,public.png,False,False,,True,True,,False,True,False,False,False,False,False,False,False,,,False
1B0B8DA3-2203-48C8-9689-E9F8D09FB1D7,1B0B8DA3-2203-48C8-9689-E9F8D09FB1D7.png,IMG_6006.PNG,2024-07-05T13:31:46-07:00,,,,,_UNKNOWN_,,True,False,False,False,False,False,,,,True,False,public.png,False,False,,True,True,,False,True,False,False,False,False,False,False,False,,,False
75E35BC1-E139-44F9-B59F-8634EFA5D932,75E35BC1-E139-44F9-B59F-8634EFA5D932.png,IMG_6542.PNG,2024-08-08T21:42:20-07:00,,,,,,,True,False,False,False,False,False,,,,True,False,public.png,False,False,,True,True,,False,True,False,False,False,False,False,False,False,,,False
93CA74CF-752C-4C13-B280-81C96C047DB6,93CA74CF-752C-4C13-B280-81C96C047DB6.png,IMG_7087.PNG,2024-09-09T11:56:14-06:00,,,,,,,True,True,False,False,False,False,,,,True,False,public.jpeg,False,False,,True,True,2024-09-09T14:16:10.026139-04:00,False,True,False,False,False,False,False,False,False,,,False
1DFE6484-A5A3-4F55-9D0A-82220D4502A9,1DFE6484-A5A3-4F55-9D0A-82220D4502A9.png,IMG_7092.PNG,2024-09-09T21:07:37-06:00,,,,,"_UNKNOWN_, _UNKNOWN_",,True,False,False,False,False,False,,,,True,False,public.png,False,False,,True,True,,False,True,False,False,False,False,False,False,False,,,False
FE932FE4-7BDE-4432-9CE9-B9F9698DA517,FE932FE4-7BDE-4432-9CE9-B9F9698DA517.png,IMG_7253.PNG,2024-09-20T17:10:54-04:00,,,,,,,True,False,False,False,False,False,,,,True,False,public.png,False,False,,True,True,,False,True,False,False,False,False,False,False,False,,,False
C02AE7A9-DF13-49FC-86C6-7D048B1E5C2C,C02AE7A9-DF13-49FC-86C6-7D048B1E5C2C.png,IMG_7265.PNG,2024-09-21T11:50:08-04:00,,,,,,,True,False,False,False,False,False,,,,True,False,public.png,False,False,,True,True,,False,True,False,False,False,False,False,False,False,,,False
F699A30C-9EAC-4C67-AAB9-04CAA8E574E1,F699A30C-9EAC-4C67-AAB9-04CAA8E574E1.png,IMG_7747.PNG,2024-10-27T09:57:38-07:00,,,,,,,True,False,False,False,False,False,,,,True,False,public.png,False,False,,True,True,,False,True,False,False,False,False,False,False,False,,,False
76DE13D9-AFA4-431A-8AED-691EC47F382B,76DE13D9-AFA4-431A-8AED-691EC47F382B.heic,IMG_8645.HEIC,2025-01-19T19:38:18.502000-08:00,,,,,,,True,False,False,False,False,False,42.19797833333333,-122.70958666666667,,True,False,public.heic,False,True,,True,True,,False,False,False,False,False,False,False,False,False,,,False
C2534733-7DB7-4037-832A-63B46B25767A,C2534733-7DB7-4037-832A-63B46B25767A.png,IMG_9577.PNG,2025-05-10T13:43:51-04:00,,,,,,,True,False,False,False,False,False,,,,True,False,public.png,False,False,,True,True,,False,True,False,False,False,False,False,False,False,,,False
902878BC-9E93-4C26-85F7-E8BF4A9E4699,902878BC-9E93-4C26-85F7-E8BF4A9E4699.png,IMG_4598.PNG,2026-07-10T17:32:13-07:00,,,,,,,True,False,False,False,False,False,,,,True,False,public.png,False,False,,True,True,,False,True,False,False,False,False,False,False,False,,,False
8A9B51FB-7DE2-45C5-96C4-DA51EA093003,8A9B51FB-7DE2-45C5-96C4-DA51EA093003.png,IMG_5129.PNG,2026-07-24T01:24:33-07:00,,,,,,,True,False,False,False,False,False,,,,True,False,public.png,False,False,,True,True,,False,True,False,False,False,False,False,False,False,,,False
